{"page_size": 4096, "ticks_per_sec": 2, "samples": [[1112783, 1185700, 7687, 41756, 1838, 1621774260.037018], [1113164, 1186084, 7687, 41757, 1838, 1621774261.001263], [1113558, 1186483, 7687, 41757, 1838, 1621774262.0004308], [1113942, 1186878, 7690, 41760, 1838, 1621774263.0013013], [1114322, 1187267, 7692, 41767, 1838, 1621774264.0012906], [1114702, 1187659, 7692, 41776, 1838, 1621774265.0012884], [1115082, 1188052, 7694, 41784, 1838, 1621774266.001293], [1115461, 1188440, 7697, 41792, 1838, 1621774267.001298], [1115848, 1188833, 7697, 41795, 1838, 1621774268.0013216], [1116239, 1189231, 7697, 41795, 1838, 1621774269.0012915], [1116608, 1189646, 7701, 41806, 1838, 1621774270.001279], [1116976, 1190068, 7702, 41821, 1838, 1621774271.0013142], [1117342, 1190487, 7704, 41836, 1838, 1621774272.001274], [1117706, 1190903, 7705, 41852, 1838, 1621774273.0012858], [1118072, 1191310, 7710, 41866, 1838, 1621774274.0012937], [1118459, 1191708, 7711, 41869, 1838, 1621774275.001369], [1118855, 1192105, 7711, 41870, 1838, 1621774276.00129], [1119213, 1192545, 7716, 41888, 1838, 1621774277.0013027], [1119568, 1192981, 7721, 41906, 1838, 1621774278.0005028], [1119922, 1193417, 7723, 41927, 1838, 1621774279.0012834], [1120275, 1193840, 7727, 41947, 1838, 1621774280.001281], [1120635, 1194254, 7731, 41965, 1838, 1621774281.0013309], [1121028, 1194653, 7731, 41965, 1838, 1621774282.0012927], [1121410, 1195063, 7732, 41972, 1838, 1621774283.001293], [1121759, 1195511, 7736, 41998, 1838, 1621774284.0013237], [1122109, 1195955, 7740, 42022, 1838, 1621774285.0012739], [1122460, 1196398, 7745, 42045, 1838, 1621774286.0013185], [1122811, 1196834, 7751, 42067, 1838, 1621774287.0013142], [1123168, 1197256, 7758, 42082, 1838, 1621774288.0013046], [1123562, 1197654, 7758, 42082, 1838, 1621774289.0013127], [1123917, 1198065, 7760, 42100, 1838, 1621774290.0013084], [1124249, 1198508, 7767, 42130, 1838, 1621774291.0013347], [1124582, 1198954, 7770, 42163, 1838, 1621774292.0013635], [1124916, 1199402, 7776, 42194, 1838, 1621774293.0013204], [1125252, 1199842, 7785, 42222, 1838, 1621774294.0013075], [1125615, 1200258, 7790, 42237, 1838, 1621774295.0013363], [1126013, 1200658, 7790, 42237, 1838, 1621774296.0013394], [1126355, 1201077, 7791, 42268, 1838, 1621774297.0013301], [1126676, 1201518, 7798, 42306, 1838, 1621774298.0012832], [1126997, 1201956, 7806, 42343, 1838, 1621774299.0012825], [1127316, 1202398, 7811, 42382, 1838, 1621774300.001299], [1127641, 1202836, 7824, 42413, 1838, 1621774301.0012798], [1128015, 1203242, 7825, 42425, 1838, 1621774302.0010128], [1128406, 1203639, 7825, 42425, 1838, 1621774303.0013082], [1128719, 1204059, 7835, 42466, 1838, 1621774304.0012975], [1129030, 1204486, 7837, 42516, 1838, 1621774305.0012813], [1129344, 1204908, 7847, 42557, 1838, 1621774306.0012767], [1129657, 1205332, 7854, 42601, 1838, 1621774307.0012882], [1129970, 1205759, 7862, 42643, 1838, 1621774308.0012894], [1130360, 1206157, 7864, 42645, 1838, 1621774309.0013072], [1130733, 1206556, 7864, 42655, 1838, 1621774310.0012763], [1131036, 1206970, 7879, 42696, 1838, 1621774311.0002997], [1131342, 1207389, 7890, 42742, 1838, 1621774312.0012686], [1131641, 1207804, 7899, 42788, 1838, 1621774313.0012913], [1131947, 1208216, 7905, 42840, 1838, 1621774314.0013008], [1132270, 1208631, 7912, 42879, 1838, 1621774315.0013256], [1132667, 1209031, 7912, 42879, 1838, 1621774316.0013354], [1133019, 1209431, 7915, 42905, 1838, 1621774317.0013063], [1133311, 1209832, 7920, 42965, 1838, 1621774318.0012975], [1133610, 1210245, 7928, 43021, 1838, 1621774319.0013492], [1133905, 1210653, 7939, 43076, 1838, 1621774320.0012982], [1134211, 1211064, 7948, 43127, 1838, 1621774321.0012786], [1134556, 1211467, 7955, 43155, 1838, 1621774322.0013301], [1134948, 1211867, 7955, 43155, 1838, 1621774323.0013547], [1135267, 1212262, 7964, 43194, 1838, 1621774324.00069], [1135552, 1212678, 7976, 43255, 1838, 1621774325.00129], [1135843, 1213083, 7987, 43315, 1838, 1621774326.0012703], [1136138, 1213488, 7998, 43374, 1838, 1621774327.0013275], [1136432, 1213891, 8008, 43435, 1838, 1621774328.0013325], [1136791, 1214295, 8012, 43455, 1838, 1621774329.0013282], [1137182, 1214688, 8012, 43456, 1838, 1621774330.0013046], [1137470, 1215077, 8020, 43516, 1838, 1621774331.0012765], [1137755, 1215464, 8031, 43578, 1838, 1621774332.0012732], [1138027, 1215857, 8038, 43645, 1838, 1621774333.0012999], [1138308, 1216240, 8054, 43705, 1838, 1621774334.0010612], [1138589, 1216630, 8067, 43767, 1838, 1621774335.0015383], [1138975, 1217026, 8069, 43773, 1838, 1621774336.0013056], [1139351, 1217424, 8072, 43783, 1838, 1621774337.001302], [1139629, 1217806, 8084, 43850, 1838, 1621774338.0012734], [1139901, 1218206, 8096, 43919, 1838, 1621774339.0014174], [1140178, 1218596, 8115, 43981, 1838, 1621774340.001473], [1140456, 1218987, 8127, 44048, 1838, 1621774341.0015001], [1140756, 1219372, 8132, 44111, 1838, 1621774342.001358], [1141149, 1219771, 8132, 44111, 1838, 1621774343.0012972], [1141494, 1220156, 8138, 44137, 1838, 1621774344.0014346], [1141769, 1220539, 8149, 44207, 1838, 1621774345.0014093], [1142046, 1220926, 8161, 44275, 1838, 1621774346.0014775], [1142324, 1221303, 8168, 44349, 1838, 1621774347.0014396], [1142599, 1221686, 8180, 44418, 1838, 1621774348.0014489], [1142916, 1222071, 8191, 44459, 1838, 1621774349.0013046], [1143305, 1222464, 8191, 44459, 1838, 1621774350.001353], [1143617, 1222849, 8199, 44509, 1838, 1621774351.0014791], [1143884, 1223233, 8215, 44587, 1838, 1621774352.0014162], [1144145, 1223620, 8235, 44660, 1838, 1621774353.0013862], [1144413, 1223994, 8250, 44737, 1838, 1621774354.001362], [1144679, 1224372, 8264, 44818, 1838, 1621774355.0013967], [1145026, 1224761, 8271, 44846, 1838, 1621774356.0004508], [1145423, 1225161, 8271, 44846, 1838, 1621774357.001366], [1145696, 1225537, 8290, 44909, 1838, 1621774358.0013862], [1145956, 1225906, 8310, 44983, 1838, 1621774359.0013602], [1146213, 1226277, 8321, 45068, 1838, 1621774360.0013697], [1146477, 1226648, 8336, 45146, 1838, 1621774361.001412], [1146741, 1227020, 8350, 45224, 1838, 1621774362.0014079], [1147113, 1227417, 8353, 45236, 1838, 1621774363.0013356], [1147494, 1227811, 8353, 45246, 1838, 1621774364.0014179], [1147742, 1228181, 8364, 45332, 1838, 1621774365.0014012], [1147998, 1228549, 8387, 45406, 1838, 1621774366.001405], [1148253, 1228915, 8400, 45490, 1838, 1621774367.0014098], [1148506, 1229290, 8416, 45572, 1838, 1621774368.0013926], [1148771, 1229660, 8432, 45644, 1838, 1621774369.001301], [1149162, 1230056, 8432, 45644, 1838, 1621774370.0013297], [1149509, 1230442, 8442, 45667, 1838, 1621774371.001483], [1149768, 1230810, 8457, 45753, 1838, 1621774372.0014575], [1150021, 1231189, 8471, 45838, 1838, 1621774373.001471], [1150278, 1231559, 8489, 45920, 1838, 1621774374.0014515], [1150536, 1231927, 8507, 46002, 1838, 1621774375.0013976], [1150838, 1232310, 8515, 46063, 1838, 1621774376.001327], [1151235, 1232710, 8515, 46063, 1838, 1621774377.0013328], [1151554, 1233095, 8527, 46107, 1838, 1621774378.0014102], [1151816, 1233469, 8543, 46190, 1838, 1621774379.0014486], [1152076, 1233851, 8559, 46274, 1838, 1621774380.0013835], [1152337, 1234235, 8575, 46358, 1838, 1621774381.0014522], [1152601, 1234614, 8590, 46443, 1838, 1621774382.0014367], [1152931, 1235007, 8597, 46482, 1838, 1621774383.0013182], [1153329, 1235407, 8597, 46483, 1838, 1621774384.0013518], [1153611, 1235775, 8613, 46547, 1838, 1621774385.0013924], [1153871, 1236143, 8633, 46627, 1838, 1621774386.0014505], [1154129, 1236510, 8646, 46713, 1838, 1621774387.0014756], [1154386, 1236879, 8662, 46798, 1838, 1621774388.0014122], [1154643, 1237258, 8675, 46884, 1838, 1621774389.0013945], [1155007, 1237651, 8679, 46902, 1838, 1621774390.0013425], [1155398, 1238048, 8679, 46904, 1838, 1621774391.00141], [1155652, 1238409, 8698, 46984, 1838, 1621774392.0014107], [1155903, 1238784, 8716, 47066, 1838, 1621774393.0013897], [1156158, 1239156, 8729, 47153, 1838, 1621774394.0014002], [1156413, 