{"page_size": 4096, "ticks_per_sec": 2, "samples": [[1197726, 1281358, 8764, 47319, 1838, 1621774500.0341642], [1198108, 1281743, 8764, 47320, 1838, 1621774501.0013056], [1198506, 1282141, 8764, 47320, 1838, 1621774502.0013287], [1198896, 1282537, 8765, 47322, 1838, 1621774503.0012784], [1199273, 1282918, 8767, 47329, 1838, 1621774504.001309], [1199654, 1283302, 8768, 47336, 1838, 1621774505.0012844], [1200035, 1283690, 8770, 47343, 1838, 1621774506.001286], [1200414, 1284076, 8771, 47351, 1838, 1621774507.0013392], [1200794, 1284460, 8772, 47357, 1838, 1621774508.0013356], [1201187, 1284859, 8772, 47357, 1838, 1621774509.0013032], [1201564, 1285257, 8773, 47364, 1838, 1621774510.0013776], [1201933, 1285700, 8778, 47375, 1838, 1621774511.0015087], [1202304, 1286163, 8786, 47383, 1838, 1621774512.0014763], [1202670, 1286613, 8797, 47388, 1838, 1621774513.0014803], [1203037, 1287031, 8801, 47401, 1838, 1621774514.001428], [1203415, 1287431, 8804, 47408, 1838, 1621774515.0013032], [1203813, 1287830, 8804, 47408, 1838, 1621774516.0013309], [1204180, 1288209, 8806, 47421, 1838, 1621774517.0013824], [1204539, 1288579, 8810, 47440, 1838, 1621774518.0014172], [1204894, 1288954, 8813, 47458, 1838, 1621774519.0014093], [1205250, 1289321, 8817, 47477, 1838, 1621774520.0013907], [1205609, 1289686, 8820, 47495, 1838, 1621774521.0014408], [1205995, 1290074, 8821, 47501, 1838, 1621774522.001338], [1206389, 1290472, 8821, 47502, 1838, 1621774523.0012898], [1206738, 1290827, 8826, 47524, 1838, 1621774524.0014064], [1207082, 1291178, 8830, 47547, 1838, 1621774525.001474], [1207431, 1291530, 8834, 47571, 1838, 1621774526.0014498], [1207780, 1291885, 8839, 47595, 1838, 1621774527.0013864], [1208127, 1292234, 8843, 47619, 1838, 1621774528.0014443], [1208515, 1292629, 8844, 47621, 1838, 1621774529.0013518], [1208894, 1293013, 8845, 47626, 1838, 1621774530.0013945], [1209232, 1293355, 8850, 47657, 1838, 1621774531.0014162], [1209572, 1293701, 8856, 47687, 1838, 1621774532.0014467], [1209909, 1294045, 8862, 47717, 1838, 1621774533.0013824], [1210246, 1294390, 8868, 47748, 1838, 1621774534.0014496], [1210592, 1294742, 8873, 47773, 1838, 1621774535.0013475], [1210990, 1295142, 8873, 47773, 1838, 1621774536.0013473], [1211360, 1295514, 8875, 47787, 1838, 1621774537.0014105], [1211685, 1295842, 8882, 47824, 1838, 1621774538.0015275], [1212005, 1296172, 8889, 47860, 1838, 1621774539.0014946], [1212325, 1296496, 8897, 47898, 1838, 1621774540.001391], [1212651, 1296829, 8903, 47933, 1838, 1621774541.0014307], [1213005, 1297185, 8908, 47956, 1838, 1621774542.0013268], [1213399, 1297584, 8908, 47956, 1838, 1621774543.0013123], [1213742, 1297936, 8912, 47983, 1838, 1621774544.0013902], [1214049, 1298253, 8921, 48027, 1838, 1621774545.0004904], [1214365, 1298574, 8929, 48070, 1838, 1621774546.0015092], [1214679, 1298892, 8938, 48112, 1838, 1621774547.001483], [1214989, 1299211, 8945, 48156, 1838, 1621774548.0014768], [1215345, 1299575, 8949, 48174, 1838, 1621774549.0013416], [1215737, 1299970, 8949, 48174, 1838, 1621774550.0013325], [1216057, 1300294, 8956, 48212, 1838, 1621774551.0013988], [1216362, 1300610, 8964, 48259, 1838, 1621774552.0014584], [1216664, 1300922, 8973, 48306, 1838, 1621774553.0014606], [1216966, 1301230, 8982, 48353, 1838, 1621774554.001504], [1217271, 1301542, 8991, 48399, 1838, 1621774555.0014637], [1217650, 1301925, 8993, 48408, 1838, 1621774556.0013506], [1218040, 1302318, 8994, 48411, 1838, 1621774557.001398], [1218334, 1302620, 9003, 48464, 1838, 1621774558.001492], [1218624, 1302922, 9013, 48517, 1838, 1621774559.0014455], [1218913, 1303223, 9023, 48571, 1838, 1621774560.0014505], [1219212, 1303528, 9033, 48622, 1838, 1621774561.001414], [1219518, 1303841, 9042, 48670, 1838, 1621774562.0012984], [1219913, 1304240, 9042, 48671, 1838, 1621774563.0013378], [1220277, 1304616, 9045, 48689, 1838, 1621774564.0013716], [1220572, 1304929, 9055, 48747, 1838, 1621774565.0014124], [1220877, 1305244, 9064, 48804, 1838, 1621774566.0013676], [1221180, 1305561, 9074, 48860, 1838, 1621774567.0013866], [1221483, 1305875, 9085, 48916, 1838, 1621774568.001385], [1221805, 1306210, 9093, 48957, 1838, 1621774569.001017], [1222195, 1306607, 9093, 48957, 1838, 1621774570.0013497], [1222531, 1306959, 9099, 48992, 1838, 1621774571.0014622], [1222827, 1307271, 9110, 49052, 1838, 1621774572.0014915], [1223120, 1307585, 9121, 49114, 1838, 1621774573.00141], [1223413, 1307893, 9133, 49175, 1838, 1621774574.0014162], [1223705, 1308204, 9144, 49237, 1838, 1621774575.0014427], [1224053, 1308558, 9150, 49267, 1838, 1621774576.0013442], [1224450, 1308958, 9150, 49267, 1838, 1621774577.0013378], [1224756, 1309297, 9157, 49321, 1838, 1621774578.0014222], [1225038, 1309671, 9167, 49388, 1838, 1621774579.0013871], [1225319, 1310104, 9174, 49461, 1838, 1621774580.0014918], [1225606, 1310541, 9185, 49528, 1838, 1621774581.0014253], [1225895, 1310959, 9202, 49589, 1838, 1621774582.00139], [1226260, 1311356, 9209, 49602, 1838, 1621774583.0013185], [1226655, 1311752, 9209, 49602, 1838, 1621774584.0012848], [1226928, 1312147, 9220, 49676, 1838, 1621774585.0013943], [1227207, 1312543, 9225, 49755, 1838, 1621774586.0014691], [1227483, 1312940, 9242, 49821, 1838, 1621774587.0014021], [1227760, 1313329, 9253, 49895, 1838, 1621774588.001449], [1228028, 1313723, 9271, 49963, 1838, 1621774589.000371], [1228416, 1314118, 9271, 49964, 1838, 1621774590.001346], [1228773, 1314510, 9276, 49982, 1838, 1621774591.0014157], [1229042, 1314893, 9287, 50058, 1838, 1621774592.001452], [1229305, 1315282, 9306, 50126, 1838, 1621774593.001477], [1229570, 1315662, 9323, 50198, 1838, 1621774594.0014613], [1229836, 1316043, 9332, 50278, 1838, 1621774595.0014231], [1230136, 1316425, 9343, 50334, 1838, 1621774596.001331], [1230531, 1316826, 9343, 50334, 1838, 1621774597.0003164], [1230859, 1317212, 9350, 50374, 1838, 1621774598.001368], [1231114, 1317584, 9365, 50457, 1838, 1621774599.0013266], [1231364, 1317957, 9382, 50539, 1838, 1621774600.0014184], [1231623, 1318331, 9395, 50622, 1838, 1621774601.0014334], [1231885, 1318705, 9406, 50707, 1838, 1621774602.0013583], [1232204, 1319098, 9411, 50752, 1838, 1621774603.0013218], [1232599, 1319495, 9411, 50752, 1838, 1621774604.0013056], [1232890, 1319872, 9424, 50813, 1838, 1621774605.0014298], [1233148, 1320241, 9439, 50898, 1838, 1621774606.0014324], [1233405, 1320611, 9459, 50978, 1838, 1621774607.0013893], [1233663, 1320987, 9474, 51062, 1838, 1621774608.0014455], [1233918, 1321361, 9490, 51146, 1838, 1621774609.0013714], [1234273, 1321751, 9495, 51169, 1838, 1621774610.0012968], [1234669, 1322149, 9495, 51169, 1838, 1621774611.0013003], [1234937, 1322524, 9510, 51252, 1838, 1621774612.0013185], [1235199, 1322905, 9524, 51338, 1838, 1621774613.001391], [1235459, 1323290, 9539, 51423, 1838, 1621774614.001358], [1235726, 1323673, 9560, 51501, 1838, 1621774615.0014014], [1235994, 1324057, 9581, 51580, 1838, 1621774616.0013373], [1236387, 1324456, 9581, 51584, 1838, 1621774617.0013518], [1236751, 1324852, 9584, 51603, 1838, 1621774618.0014143], [1237006, 1325234, 9598, 51688, 1838, 1621774619.0014055], [1237263, 1325610, 9617, 51770, 1838, 1621774620.001411], [1237520, 1325984, 9633, 51854, 1838, 1621774621.0014057], [1237781, 1326356, 9649, 51937, 1838, 1621774622.001444], [1238065, 1326739, 9661, 52004, 1838, 1621774623.0013306], [1238461, 1327136, 9661, 52004, 1838, 1621774624.001281], [1238792, 1327521, 9668, 52045, 1838, 1621774625.001388], [1239054, 1327893, 9684, 52128, 1838, 1621774626.001349], [1239314, 1328267, 9706, 52206, 1838, 1621774627.001381], [1239576, 1328641, 9719, 52293, 1838, 1621774628.0013552], [1239835, 1329020, 9738, 52374, 1838, 1621774629.0013716], [1240155, 1329404, 9746, 52420, 1838, 1621774630.0013058], [1240551, 1329805, 9746, 52420, 1838, 1621774631.0013413], [1240850, 1330181, 9758, 52478, 1838, 1621774632.0013468], [1241103, 1330556, 9778, 52559, 1838, 1621774633.001383], [1241363, 1330934, 9788, 52648, 1838, 1621774634.0013819], [1241621, 