{"page_size": 4096, "ticks_per_sec": 2, "samples": [[1282911, 1373142, 9829, 52840, 1838, 1621774740.0356147], [1283288, 1373526, 9829, 52840, 1838, 1621774741.0013063], [1283686, 1373925, 9829, 52840, 1838, 1621774742.0012887], [1284071, 1374322, 9829, 52842, 1838, 1621774743.001289], [1284451, 1374707, 9831, 52850, 1838, 1621774744.001316], [1284831, 1375091, 9832, 52858, 1838, 1621774745.000404], [1285213, 1375476, 9833, 52865, 1838, 1621774746.0012734], [1285592, 1375861, 9835, 52872, 1838, 1621774747.000809], [1285976, 1376248, 9837, 52878, 1838, 1621774748.0013793], [1286369, 1376648, 9837, 52878, 1838, 1621774749.0013084], [1286750, 1377036, 9838, 52884, 1838, 1621774750.0012815], [1287116, 1377423, 9841, 52898, 1838, 1621774751.001273], [1287488, 1377805, 9843, 52911, 1838, 1621774752.001282], [1287854, 1378185, 9848, 52923, 1838, 1621774753.0012627], [1288218, 1378568, 9849, 52939, 1838, 1621774754.00052], [1288597, 1378955, 9850, 52948, 1838, 1621774755.0012958], [1288995, 1379356, 9850, 52948, 1838, 1621774756.001321], [1289362, 1379751, 9851, 52963, 1838, 1621774757.001322], [1289717, 1380143, 9856, 52982, 1838, 1621774758.0013044], [1290067, 1380534, 9860, 53002, 1838, 1621774759.0013094], [1290424, 1380917, 9865, 53020, 1838, 1621774760.0012953], [1290779, 1381293, 9868, 53040, 1838, 1621774761.001295], [1291165, 1381688, 9869, 53047, 1838, 1621774762.0013056], [1291557, 1382086, 9869, 53048, 1838, 1621774763.0012732], [1291902, 1382489, 9872, 53073, 1838, 1621774764.001256], [1292248, 1382888, 9874, 53102, 1838, 1621774765.001273], [1292594, 1383289, 9876, 53131, 1838, 1621774766.0013607], [1292941, 1383684, 9880, 53158, 1838, 1621774767.0012972], [1293284, 1384073, 9887, 53183, 1838, 1621774768.0012736], [1293670, 1384469, 9887, 53185, 1838, 1621774769.0012774], [1294050, 1384867, 9888, 53192, 1838, 1621774770.0012703], [1294380, 1385284, 9891, 53227, 1838, 1621774771.001268], [1294717, 1385681, 9898, 53257, 1838, 1621774772.001295], [1295048, 1386087, 9902, 53290, 1838, 1621774773.0012872], [1295384, 1386486, 9911, 53320, 1838, 1621774774.0012603], [1295730, 1386875, 9915, 53347, 1838, 1621774775.0013459], [1296127, 1387272, 9915, 53347, 1838, 1621774776.001406], [1296494, 1387672, 9919, 53361, 1838, 1621774777.0012884], [1296819, 1388085, 9925, 53399, 1838, 1621774778.001268], [1297140, 1388490, 9930, 53440, 1838, 1621774779.0012782], [1297465, 1388896, 9936, 53479, 1838, 1621774780.0012746], [1297787, 1389294, 9942, 53518, 1838, 1621774781.0012832], [1298141, 1389690, 9948, 53539, 1838, 1621774782.0013337], [1298533, 1390088, 9948, 53539, 1838, 1621774783.0007246], [1298872, 1390481, 9953, 53568, 1838, 1621774784.0012772], [1299181, 1390884, 9961, 53612, 1838, 1621774785.0012825], [1299495, 1391281, 9975, 53649, 1838, 1621774786.0012803], [1299807, 1391678, 9987, 53689, 1838, 1621774787.0012918], [1300120, 1392063, 9994, 53732, 1838, 1621774788.001292], [1300480, 1392458, 9997, 53749, 1838, 1621774789.0013204], [1300875, 1392855, 9997, 53750, 1838, 1621774790.0013366], [1301189, 1393252, 10005, 53793, 1838, 1621774791.0012822], [1301496, 1393649, 10013, 53842, 1838, 1621774792.0012677], [1301799, 1394043, 10020, 53893, 1838, 1621774793.0012946], [1302107, 1394440, 10027, 53943, 1838, 1621774794.0012438], [1302416, 1394828, 10036, 53992, 1838, 1621774795.0012944], [1302801, 1395231, 10037, 53999, 1838, 1621774796.001357], [1303183, 1395627, 10037, 54007, 1838, 1621774797.0014386], [1303474, 1396016, 10050, 54061, 1838, 1621774798.0008206], [1303764, 1396408, 10063, 54114, 1838, 1621774799.0014215], [1304054, 1396787, 10072, 54172, 1838, 1621774800.0014584], [1304351, 1397168, 10081, 54227, 1838, 1621774801.0014386], [1304662, 1397544, 10089, 54275, 1838, 1621774802.0013506], [1305055, 1397943, 10089, 54275, 1838, 1621774803.001396], [1305410, 1398330, 10092, 54298, 1838, 1621774804.001349], [1305696, 1398701, 10107, 54354, 1838, 1621774805.0013864], [1305991, 1399073, 10119, 54410, 1838, 1621774806.0013855], [1306286, 1399452, 10125, 54473, 1838, 1621774807.0013263], [1306586, 1399819, 10137, 54528, 1838, 1621774808.0012963], [1306912, 1400195, 10145, 54563, 1838, 1621774809.0013318], [1307307, 1400592, 10145, 54563, 1838, 1621774810.001304], [1307634, 1400969, 10151, 54601, 1838, 1621774811.0015042], [1307929, 1401332, 10161, 54663, 1838, 1621774812.0014892], [1308219, 1401701, 10170, 54724, 1838, 1621774813.001508], [1308511, 1402067, 10184, 54783, 1838, 1621774814.0014434], [1308803, 1402432, 10198, 54842, 1838, 1621774815.0014088], [1309159, 1402814, 10203, 54866, 1838, 1621774816.0013378], [1309557, 1403215, 10203, 54866, 1838, 1621774817.001276], [1309857, 1403588, 10217, 54920, 1838, 1621774818.0013893], [1310140, 1403955, 10229, 54986, 1838, 1621774819.0013514], [1310428, 1404327, 10241, 55054, 1838, 1621774820.0013616], [1310714, 1404691, 10249, 55125, 1838, 1621774821.0013413], [1311004, 1405049, 10258, 55194, 1838, 1621774822.0013876], [1311376, 1405442, 10262, 55205, 1838, 1621774823.0013247], [1311763, 1405837, 10262, 55210, 1838, 1621774824.0014164], [1312031, 1406215, 10277, 55279, 1838, 1621774825.0013728], [1312306, 1406597, 10296, 55344, 1838, 1621774826.0013416], [1312582, 1406973, 10311, 55414, 1838, 1621774827.001445], [1312857, 1407339, 10321, 55488, 1838, 1621774828.001422], [1313135, 1407706, 10334, 55555, 1838, 1621774829.0012913], [1313523, 1408101, 10334, 55555, 1838, 1621774830.0013182], [1313877, 1408486, 10341, 55575, 1838, 1621774831.0013728], [1314146, 1408842, 10357, 55647, 1838, 1621774832.0013907], [1314409, 1409200, 10371, 55724, 1838, 1621774833.0015342], [1314677, 1409559, 10390, 55795, 1838, 1621774834.0013328], [1314946, 1409913, 10406, 55869, 1838, 1621774835.0013943], [1315251, 1410283, 10418, 55922, 1838, 1621774836.0013416], [1315647, 1410683, 10418, 55922, 1838, 1621774837.001312], [1315969, 1411065, 10428, 55962, 1838, 1621774838.001338], [1316224, 1411430, 10439, 56050, 1838, 1621774839.001367], [1316482, 1411797, 10454, 56134, 1838, 1621774840.0014129], [1316735, 1412163, 10466, 56218, 1838, 1621774841.0014098], [1316997, 1412523, 10485, 56295, 1838, 1621774842.0013795], [1317321, 1412906, 10494, 56333, 1838, 1621774843.0012913], [1317715, 1413301, 10495, 56333, 1838, 1621774844.0012822], [1318004, 1413683, 10504, 56399, 1838, 1621774845.0013995], [1318263, 1414048, 10522, 56481, 1838, 1621774846.001366], [1318520, 1414418, 10536, 56567, 1838, 1621774847.0013912], [1318778, 1414791, 10554, 56648, 1838, 1621774848.001362], [1319031, 1415166, 10564, 56738, 1838, 1621774849.00143], [1319391, 1415557, 10570, 56758, 1838, 1621774850.0013118], [1319780, 1415955, 10571, 56758, 1838, 1621774851.0012918], [1320042, 1416325, 10585, 56843, 1838, 1621774852.0014064], [1320299, 1416706, 10602, 56926, 1838, 1621774853.0013883], [1320560, 1417081, 10614, 57014, 1838, 1621774854.0014274], [1320821, 1417459, 10631, 57097, 1838, 1621774855.001384], [1321084, 1417836, 10647, 57180, 1838, 1621774856.001369], [1321478, 1418233, 10648, 57181, 1838, 1621774857.0013509], [1321843, 1418630, 10649, 57203, 1838, 1621774858.0014255], [1322103, 1419011, 10666, 57286, 1838, 1621774859.001393], [1322369, 1419401, 10679, 57373, 1838, 1621774860.0013497], [1322628, 1419787, 10696, 57455, 1838, 1621774861.001331], [1322893, 1420165, 10714, 57538, 1838, 1621774862.0013509], [1323181, 1420555, 10726, 57604, 1838, 1621774863.0013454], [1323577, 1420954, 10726, 57604, 1838, 1621774864.0012867], [1323910, 1421340, 10730, 57646, 1838, 1621774865.0013614], [1324174, 1421711, 10746, 57730, 1838, 1621774866.001542], [1324437, 1422091, 10762, 57813, 1838, 1621774867.001402], [1324698, 1422475, 10775, 57900, 1838, 1621774868.0013943], [1324958, 1422858, 10791, 57984, 1838, 1621774869.0014715], [1325280, 1423250, 10801, 58030, 1838, 1621774870.0013099], [1325674, 1423650, 10801, 58031, 1838, 1621774871.0013356], [1325978, 1424035, 10813, 58088, 1838, 1621774872.0013986], [1326232, 1424416, 10829, 58171, 1838, 