{"page_size": 4096, "ticks_per_sec": 2, "samples": [[527870, 557438, 1238, 6984, 1838, 1621772640.0307295], [528254, 557825, 1238, 6984, 1838, 1621772641.0013137], [528652, 558223, 1238, 6984, 1838, 1621772642.0013282], [529037, 558614, 1239, 6989, 1838, 1621772643.0012972], [529415, 558998, 1240, 6998, 1838, 1621772644.0012774], [529790, 559381, 1242, 7007, 1838, 1621772645.0012817], [530167, 559763, 1243, 7016, 1838, 1621772646.001287], [530546, 560145, 1245, 7025, 1838, 1621772647.001298], [530931, 560534, 1246, 7031, 1838, 1621772648.0012841], [531324, 560931, 1246, 7031, 1838, 1621772649.001295], [531695, 561310, 1248, 7042, 1838, 1621772650.001311], [532063, 561682, 1251, 7057, 1838, 1621772651.0013185], [532432, 562053, 1253, 7072, 1838, 1621772652.0013654], [532795, 562422, 1256, 7088, 1838, 1621772653.001405], [533158, 562791, 1260, 7105, 1838, 1621772654.0013032], [533534, 563178, 1261, 7111, 1838, 1621772655.001331], [533931, 563578, 1261, 7111, 1838, 1621772656.0013018], [534292, 563942, 1264, 7131, 1838, 1621772657.0013494], [534650, 564302, 1268, 7153, 1838, 1621772658.001286], [535001, 564665, 1272, 7176, 1838, 1621772659.001289], [535356, 565023, 1276, 7198, 1838, 1621772660.001267], [535710, 565387, 1280, 7221, 1838, 1621772661.0013132], [536102, 565780, 1280, 7223, 1838, 1621772662.0013242], [536490, 566174, 1281, 7228, 1838, 1621772663.0012817], [536837, 566526, 1286, 7257, 1838, 1621772664.0012903], [537180, 566876, 1291, 7286, 1838, 1621772665.0012836], [537527, 567308, 1296, 7314, 1838, 1621772666.0012782], [537875, 567863, 1305, 7338, 1838, 1621772667.00128], [538227, 568401, 1316, 7357, 1838, 1621772668.0013256], [538619, 568799, 1316, 7357, 1838, 1621772669.0013278], [538986, 569245, 1317, 7373, 1838, 1621772670.001277], [539317, 569796, 1321, 7414, 1838, 1621772671.0012844], [539653, 570349, 1329, 7449, 1838, 1621772672.0013368], [539988, 570891, 1329, 7492, 1838, 1621772673.0012996], [540325, 571433, 1332, 7531, 1838, 1621772674.0012732], [540679, 571930, 1337, 7555, 1838, 1621772675.0013063], [541076, 572328, 1337, 7555, 1838, 1621772676.001344], [541430, 572799, 1339, 7583, 1838, 1621772677.0012898], [541755, 573326, 1349, 7625, 1838, 1621772678.0012832], [542075, 573844, 1356, 7670, 1838, 1621772679.00037], [542397, 574359, 1367, 7710, 1838, 1621772680.0012884], [542722, 574865, 1369, 7758, 1838, 1621772681.0012822], [543090, 575309, 1369, 7779, 1838, 1621772682.0012898], [543486, 575707, 1369, 7779, 1838, 1621772683.0012743], [543812, 576178, 1379, 7819, 1838, 1621772684.0012856], [544118, 576661, 1387, 7870, 1838, 1621772685.0013049], [544434, 577117, 1400, 7913, 1838, 1621772686.0012822], [544750, 577560, 1407, 7964, 1838, 1621772687.001297], [545063, 578029, 1416, 8012, 1838, 1621772688.0012782], [545441, 578445, 1418, 8022, 1838, 1621772689.0013194], [545828, 578842, 1419, 8025, 1838, 1621772690.0012782], [546128, 579292, 1431, 8081, 1838, 1621772691.001292], [546433, 579716, 1441, 8137, 1838, 1621772692.0005112], [546738, 580142, 1453, 8191, 1838, 1621772693.0012982], [547041, 580549, 1468, 8243, 1838, 1621772694.0012958], [547349, 580940, 1479, 8295, 1838, 1621772695.0003486], [547745, 581339, 1479, 8295, 1838, 1621772696.0013459], [548110, 581735, 1481, 8316, 1838, 1621772697.001296], [548399, 582118, 1495, 8377, 1838, 1621772698.001274], [548692, 582494, 1507, 8437, 1838, 1621772699.0012894], [548980, 582861, 1518, 8501, 1838, 1621772700.0012875], [549278, 583214, 1528, 8562, 1838, 1621772701.0012908], [549607, 583577, 1534, 8606, 1838, 1621772702.0013437], [550004, 583977, 1534, 8606, 1838, 1621772703.0013196], [550338, 584349, 1539, 8646, 1838, 1621772704.001279], [550623, 584698, 1554, 8713, 1838, 1621772705.001283], [550907, 585040, 1565, 8782, 1838, 1621772706.001297], [551195, 585362, 1576, 8851, 1838, 1621772707.0013573], [551482, 585692, 1589, 8920, 1838, 1621772708.0013998], [551823, 586059, 1595, 8953, 1838, 1621772709.001324], [552216, 586457, 1595, 8953, 1838, 1621772710.0013285], [552512, 586794, 1608, 9011, 1838, 1621772711.001625], [552785, 587109, 1620, 9089, 1838, 1621772712.00145], [553063, 587425, 1633, 9162, 1838, 1621772713.0014784], [553346, 587735, 1646, 9235, 1838, 1621772714.001533], [553627, 588048, 1660, 9305, 1838, 1621772715.0015402], [553994, 588430, 1663, 9322, 1838, 1621772716.0013394], [554388, 588827, 1663, 9323, 1838, 1621772717.0016487], [554652, 589131, 1677, 9404, 1838, 1621772718.0015965], [554923, 589440, 1691, 9481, 1838, 1621772719.001371], [555197, 589748, 1704, 9558, 1838, 1621772720.0014791], [555477, 590055, 1718, 9633, 1838, 1621772721.0015092], [555760, 590365, 1733, 9706, 1838, 1621772722.0012918], [556155, 590765, 1733, 9707, 1838, 1621772723.0013015], [556518, 591138, 1738, 9727, 1838, 1621772724.0013952], [556783, 591443, 1753, 9812, 1838, 1621772725.0014498], [557053, 591739, 1768, 9895, 1838, 1621772726.0014846], [557327, 592033, 1781, 9980, 1838, 1621772727.0014977], [557602, 592331, 1799, 10058, 1838, 1621772728.0014892], [557900, 592649, 1811, 10124, 1838, 1621772729.0013256], [558288, 593043, 1811, 10124, 1838, 1621772730.0013294], [558610, 593384, 1818, 10169, 1838, 1621772731.0014272], [558874, 593670, 1835, 10257, 1838, 1621772732.0014014], [559138, 593959, 1851, 10346, 1838, 1621772733.0014226], [559404, 594251, 1868, 10434, 1838, 1621772734.0014498], [559668, 594533, 1885, 10522, 1838, 1621772735.001427], [559992, 594871, 1894, 10569, 1838, 1621772736.0013247], [560389, 595271, 1894, 10570, 1838, 1621772737.0013216], [560674, 595582, 1907, 10640, 1838, 1621772738.001469], [560922, 595858, 1925, 10736, 1838, 1621772739.0013993], [561170, 596134, 1944, 10831, 1838, 1621772740.0015063], [561416, 596412, 1961, 10926, 1838, 1621772741.0013585], [561671, 596683, 1978, 11020, 1838, 1621772742.0015233], [562025, 597041, 1983, 11048, 1838, 1621772743.0013502], [562420, 597441, 1984, 11048, 1838, 1621772744.0013077], [562658, 597862, 1999, 11150, 1838, 1621772745.0015364], [562895, 598321, 2025, 11247, 1838, 1621772746.0014324], [563136, 598760, 2050, 11345, 1838, 1621772747.001363], [563375, 599206, 2073, 11446, 1838, 1621772748.0013802], [563609, 599661, 2094, 11551, 1838, 1621772749.001393], [563991, 600060, 2094, 11560, 1838, 1621772750.001338], [564350, 600461, 2098, 11580, 1838, 1621772751.001578], [564577, 600881, 2119, 11688, 1838, 1621772752.0014145], [564806, 601309, 2138, 11796, 1838, 1621772753.0013478], [565033, 601744, 2161, 11903, 1838, 1621772754.0013034], [565261, 602173, 2182, 12009, 1838, 1621772755.001517], [565514, 602600, 2198, 12099, 1838, 1621772756.0013192], [565911, 602999, 2198, 12099, 1838, 1621772757.0013258], [566230, 603403, 2203, 12153, 1838, 1621772758.0013003], [566448, 603826, 2229, 12266, 1838, 1621772759.0013707], [566663, 604240, 2249, 12387, 1838, 1621772760.0013072], [566884, 604670, 2269, 12503, 1838, 1621772761.0015197], [567106, 605091, 2292, 12619, 1838, 1621772762.0014133], [567395, 605501, 2307, 12687, 1838, 1621772763.0013747], [567793, 605900, 2307, 12687, 1838, 1621772764.0013473], [568068, 606313, 2317, 12773, 1838, 1621772765.0016046], [568283, 606730, 2339, 12897, 1838, 1621772766.0013225], [568501, 607147, 2358, 13022, 1838, 1621772767.001375], [568715, 607566, 2376, 13153, 1838, 1621772768.0014884], [568926, 607986, 2396, 13280, 1838, 1621772769.00129], [569256, 608395, 2404, 13325, 1838, 1621772770.0013356], [569649, 608793, 2404, 13325, 1838, 1621772771.0012865], [569880, 609193, 2425, 13437, 1838, 1621772772.0014572], [570087, 609599, 2451, 13563, 1838, 1621772773.0014977], [570293, 609997, 2471, 13697, 1838, 1621772774.0014694], [570498, 610398, 2490, 13831, 1838, 1621772775.0013227], [570706, 610800, 2514, 13958, 1838, 1621772776.0013201], [571082, 611199, 2518, 13971, 1838, 1621772777.0013518], [571479, 611596, 2518, 13971, 1838, 1621772778.0013542], [571870, 611997, 2518, 13971, 1838, 1621772779.0012996], [572262, 612393, 2518, 13971, 1838, 1621772780.0013356], [572656, 612791, 2518, 13971, 1838, 