{"page_size": 4096, "ticks_per_sec": 2, "samples": [[682791, 723982, 2520, 13975, 1838, 1621773060.0038464], [683179, 724380, 2520, 13976, 1838, 1621773061.0013635], [683575, 724779, 2520, 13976, 1838, 1621773062.0013416], [683960, 725180, 2522, 13981, 1838, 1621773063.0013049], [684339, 725629, 2526, 13987, 1838, 1621773064.001291], [684717, 726011, 2527, 13996, 1838, 1621773065.0012836], [685092, 726392, 2529, 14006, 1838, 1621773066.0008154], [685471, 726777, 2530, 14015, 1838, 1621773067.0013127], [685859, 727171, 2531, 14018, 1838, 1621773068.0013068], [686250, 727568, 2531, 14019, 1838, 1621773069.0012789], [686620, 727944, 2534, 14032, 1838, 1621773070.0012813], [686982, 728315, 2536, 14048, 1838, 1621773071.0012805], [687350, 728685, 2539, 14063, 1838, 1621773072.0012674], [687714, 729055, 2542, 14081, 1838, 1621773073.0012808], [688079, 729427, 2545, 14097, 1838, 1621773074.0012674], [688466, 729819, 2546, 14100, 1838, 1621773075.0014086], [688858, 730220, 2546, 14103, 1838, 1621773076.001284], [689213, 730659, 2553, 14121, 1838, 1621773077.00132], [689569, 731161, 2562, 14139, 1838, 1621773078.0013323], [689921, 731694, 2566, 14161, 1838, 1621773079.0013962], [690276, 732245, 2572, 14183, 1838, 1621773080.0013273], [690629, 732804, 2578, 14202, 1838, 1621773081.0012887], [691027, 733203, 2578, 14203, 1838, 1621773082.001326], [691406, 733589, 2580, 14212, 1838, 1621773083.0013936], [691752, 733938, 2585, 14241, 1838, 1621773084.001278], [692097, 734288, 2590, 14271, 1838, 1621773085.0012853], [692439, 734640, 2596, 14301, 1838, 1621773086.0013125], [692786, 734989, 2601, 14330, 1838, 1621773087.0013485], [693144, 735352, 2605, 14352, 1838, 1621773088.0014095], [693538, 735749, 2605, 14352, 1838, 1621773089.0012982], [693896, 736110, 2609, 14372, 1838, 1621773090.0013518], [694224, 736451, 2616, 14409, 1838, 1621773091.0014575], [694559, 736791, 2622, 14446, 1838, 1621773092.0014224], [694894, 737131, 2629, 14482, 1838, 1621773093.0013518], [695231, 737471, 2635, 14518, 1838, 1621773094.0014138], [695597, 737840, 2639, 14536, 1838, 1621773095.001356], [695994, 738238, 2639, 14536, 1838, 1621773096.0012693], [696331, 738583, 2645, 14569, 1838, 1621773097.001551], [696653, 738909, 2653, 14612, 1838, 1621773098.0015595], [696976, 739241, 2660, 14654, 1838, 1621773099.0016623], [697299, 739598, 2668, 14696, 1838, 1621773100.0014749], [697619, 739997, 2679, 14733, 1838, 1621773101.0014567], [697997, 740382, 2681, 14745, 1838, 1621773102.0013041], [698392, 740780, 2681, 14745, 1838, 1621773103.0013158], [698705, 741110, 2691, 14794, 1838, 1621773104.001317], [699012, 741443, 2699, 14845, 1838, 1621773105.0012913], [699325, 741784, 2709, 14895, 1838, 1621773106.0013194], [699634, 742145, 2716, 14946, 1838, 1621773107.0012994], [699947, 742516, 2728, 14994, 1838, 1621773108.00132], [700337, 742912, 2728, 14996, 1838, 1621773109.0013204], [700711, 743320, 2730, 15008, 1838, 1621773110.001284], [701009, 743784, 2735, 15069, 1838, 1621773111.0012772], [701314, 744257, 2743, 15126, 1838, 1621773112.0012667], [701615, 744750, 2752, 15185, 1838, 1621773113.001294], [701921, 745262, 2758, 15244, 1838, 1621773114.001305], [702241, 745750, 2768, 15288, 1838, 1621773115.0013292], [702638, 746151, 2768, 15288, 1838, 1621773116.0012681], [702984, 746587, 2771, 15319, 1838, 1621773117.0013998], [703272, 747091, 2776, 15391, 1838, 1621773118.001383], [703561, 747604, 2785, 15458, 1838, 1621773119.0014174], [703845, 748106, 2794, 15528, 1838, 1621773120.0014656], [704136, 748605, 2808, 15589, 1838, 1621773121.0008674], [704474, 749058, 2825, 15616, 1838, 1621773122.001349], [704870, 749457, 2825, 15616, 1838, 1621773123.001322], [705190, 749781, 2834, 15661, 1838, 1621773124.001348], [705470, 750075, 2846, 15728, 1838, 1621773125.0013738], [705758, 750368, 2858, 15795, 1838, 1621773126.001482], [706038, 750662, 2870, 15861, 1838, 1621773127.0014074], [706327, 750958, 2883, 15926, 1838, 1621773128.0013275], [706683, 751320, 2886, 15950, 1838, 1621773129.0013316], [707078, 751718, 2886, 15950, 1838, 1621773130.0013094], [707357, 752016, 2898, 16020, 1838, 1621773131.0013874], [707636, 752311, 2913, 16093, 1838, 1621773132.001341], [707917, 752605, 2927, 16165, 1838, 1621773133.0014606], [708202, 752905, 2940, 16237, 1838, 1621773134.0014215], [708485, 753199, 2954, 16308, 1838, 1621773135.0014489], [708872, 753588, 2956, 16316, 1838, 1621773136.0013454], [709245, 753972, 2959, 16326, 1838, 1621773137.0015259], [709507, 754281, 2975, 16406, 1838, 1621773138.0014784], [709770, 754605, 2992, 16482, 1838, 1621773139.0014179], [710045, 754931, 3008, 16558, 1838, 1621773140.0013943], [710323, 755291, 3026, 16631, 1838, 1621773141.0014856], [710618, 755657, 3043, 16693, 1838, 1621773142.0013146], [711013, 756054, 3043, 16693, 1838, 1621773143.0013206], [711356, 756442, 3051, 16726, 1838, 1621773144.0013235], [711619, 756821, 3067, 16812, 1838, 1621773145.00131], [711889, 757215, 3082, 16897, 1838, 1621773146.0013022], [712155, 757619, 3095, 16981, 1838, 1621773147.0012903], [712425, 758037, 3112, 17063, 1838, 1621773148.0005653], [712737, 758447, 3120, 17116, 1838, 1621773149.001329], [713128, 758842, 3120, 17116, 1838, 1621773150.0013275], [713426, 759250, 3133, 17174, 1838, 1621773151.0013347], [713683, 759697, 3149, 17267, 1838, 1621773152.001529], [713941, 760138, 3164, 17360, 1838, 1621773153.001388], [714201, 760584, 3183, 17450, 1838, 1621773154.0014873], [714460, 761038, 3194, 17546, 1838, 1621773155.001295], [714804, 761458, 3204, 17579, 1838, 1621773156.0013006], [715196, 761857, 3204, 17579, 1838, 1621773157.001316], [715457, 762288, 3216, 17671, 1838, 1621773158.0014153], [715702, 762732, 3229, 17774, 1838, 1621773159.001407], [715951, 763184, 3244, 17876, 1838, 1621773160.0014029], [716203, 763640, 3256, 17978, 1838, 1621773161.001407], [716457, 764100, 3275, 18073, 1838, 1621773162.0014513], [716831, 764506, 3279, 18086, 1838, 1621773163.0013366], [717208, 764907, 3280, 18098, 1838, 1621773164.0013585], [717443, 765359, 3294, 18208, 1838, 1621773165.0014741], [717689, 765802, 3318, 18304, 1838, 1621773166.0013342], [717929, 766252, 3340, 18402, 1838, 1621773167.0015032], [718172, 766632, 3354, 18507, 1838, 1621773168.0013971], [718423, 766917, 3371, 18600, 1838, 1621773169.0013094], [718817, 767316, 3371, 18600, 1838, 1621773170.001354], [719155, 767672, 3379, 18636, 1838, 1621773171.0013177], [719392, 767960, 3400, 18739, 1838, 1621773172.0013802], [719626, 768248, 3418, 18846, 1838, 1621773173.0014918], [719858, 768534, 3435, 18955, 1838, 1621773174.0015485], [720095, 768827, 3455, 19060, 1838, 1621773175.0014398], [720385, 769158, 3469, 19130, 1838, 1621773176.0013177], [720778, 769558, 3469, 19130, 1838, 1621773177.0013638], [721072, 769911, 3485, 19191, 1838, 1621773178.0014098], [721291, 770241, 3508, 19302, 1838, 1621773179.0015082], [721510, 770567, 3530, 19418, 1838, 1621773180.001503], [721731, 770901, 3549, 19534, 1838, 1621773181.0014894], [721956, 771230, 3567, 19649, 1838, 1621773182.001471], [722274, 771603, 3578, 19699, 1838, 1621773183.0013309], [722672, 772001, 3578, 19699, 1838, 1621773184.001329], [722919, 772351, 3598, 19792, 1838, 1621773185.0013359], [723135, 772700, 3624, 19904, 1838, 1621773186.0014987], [723343, 773078, 3647, 20022, 1838, 1621773187.0015044], [723557, 773433, 3670, 20137, 1838, 1621773188.001421], [723762, 773795, 3696, 20253, 1838, 1621773189.0015326], [724116, 774184, 3702, 20278, 1838, 1621773190.0013087], [724504, 774579, 3703, 20282, 1838, 1621773191.0015523], [724710, 774958, 3725, 20411, 1838, 1621773192.0015385], [724914, 775334, 3750, 20535, 1838, 1621773193.0014865], [725118, 775723, 3769, 20668, 1838, 1621773194.001447], [725322, 776116, 3790, 20798, 1838, 1621773195.0013638], [725536, 776508, 3813, 20919, 1838, 1621773196.0009985], [725928, 776908, 3813, 20920, 1838, 1621773197.0013206], [726324, 777307, 3813, 20920, 1838, 1621773198.0013182], [726714, 777705, 3813, 20920, 1838, 1621773199.0013146], 