{"page_size": 4096, "ticks_per_sec": 2, "samples": [[443888, 462756, 8, 9, 1509, 1621772400.0252328], [444275, 463146, 8, 9, 1575, 1621772401.0012774], [444672, 463544, 8, 10, 1706, 1621772402.0013986], [445061, 463939, 10, 12, 1838, 1621772403.001406], [445440, 464320, 15, 17, 1838, 1621772404.001374], [445813, 464701, 19, 23, 1838, 1621772405.0013762], [446193, 465084, 23, 30, 1838, 1621772406.0013378], [446571, 465465, 27, 36, 1838, 1621772407.0012915], [446953, 465850, 30, 41, 1838, 1621772408.0013373], [447347, 466248, 30, 41, 1838, 1621772409.0013716], [447724, 466629, 35, 45, 1838, 1621772410.001281], [448091, 467000, 42, 57, 1838, 1621772411.0012662], [448461, 467372, 50, 67, 1838, 1621772412.001293], [448824, 467743, 58, 77, 1838, 1621772413.0013003], [449190, 468114, 66, 88, 1838, 1621772414.001311], [449563, 468493, 71, 94, 1838, 1621772415.0013275], [449961, 468891, 71, 94, 1838, 1621772416.0013072], [450328, 469263, 79, 104, 1838, 1621772417.0012717], [450687, 469627, 88, 121, 1838, 1621772418.0012677], [451037, 469985, 99, 136, 1838, 1621772419.0007188], [451391, 470346, 103, 158, 1838, 1621772420.001286], [451750, 470709, 111, 176, 1838, 1621772421.001313], [452133, 471100, 111, 184, 1838, 1621772422.0010693], [452530, 471498, 111, 184, 1838, 1621772423.0014894], [452880, 471852, 119, 208, 1838, 1621772424.0013225], [453223, 472205, 131, 230, 1838, 1621772425.0012891], [453571, 472556, 141, 254, 1838, 1621772426.0012875], [453920, 472909, 153, 275, 1838, 1621772427.0012858], [454266, 473260, 175, 286, 1838, 1621772428.0012963], [454654, 473654, 176, 288, 1838, 1621772429.001347], [455032, 474061, 176, 296, 1838, 1621772430.0012946], [455368, 474588, 176, 339, 1838, 1621772431.0012822], [455704, 475126, 176, 383, 1838, 1621772432.0012906], [456040, 475671, 176, 427, 1838, 1621772433.0013547], [456378, 476213, 176, 471, 1838, 1621772434.0013084], [456720, 476735, 176, 508, 1838, 1621772435.001322], [457118, 477136, 176, 508, 1838, 1621772436.0013468], [457483, 477580, 176, 529, 1838, 1621772437.0012805], [457807, 478112, 176, 582, 1838, 1621772438.0013995], [458125, 478641, 176, 635, 1838, 1621772439.0012841], [458444, 479175, 176, 688, 1838, 1621772440.001327], [458768, 479710, 176, 739, 1838, 1621772441.001276], [459122, 480188, 176, 771, 1838, 1621772442.001333], [459518, 480586, 176, 771, 1838, 1621772443.0013611], [459857, 481048, 176, 810, 1838, 1621772444.0013752], [460162, 481559, 176, 871, 1838, 1621772445.0012887], [460478, 482054, 176, 929, 1838, 1621772446.001287], [460793, 482551, 182, 982, 1838, 1621772447.00133], [461105, 483037, 188, 1034, 1838, 1621772448.0012815], [461466, 483467, 191, 1054, 1838, 1621772449.0013337], [461858, 483861, 191, 1054, 1838, 1621772450.0012681], [462170, 484334, 201, 1105, 1838, 1621772451.0012853], [462473, 484808, 210, 1164, 1838, 1621772452.001286], [462777, 485274, 222, 1220, 1838, 1621772453.0013063], [463080, 485734, 233, 1277, 1838, 1621772454.0012739], [463379, 486191, 243, 1334, 1838, 1621772455.0012834], [463762, 486599, 245, 1342, 1838, 1621772456.001342], [464148, 487002, 246, 1349, 1838, 1621772457.0012946], [464436, 487424, 258, 1413, 1838, 1621772458.00122], [464723, 487839, 269, 1477, 1838, 1621772459.0012944], [465001, 488249, 280, 1544, 1838, 1621772460.001279], [465293, 488641, 291, 1607, 1838, 1621772461.0012836], [465599, 489020, 302, 1662, 1838, 1621772462.0013103], [465995, 489421, 302, 1662, 1838, 1621772463.0012488], [466354, 489811, 306, 1685, 1838, 1621772464.0012882], [466633, 490191, 317, 1755, 1838, 1621772465.0012546], [466922, 490562, 328, 1822, 1838, 1621772466.0012996], [467213, 490918, 341, 1887, 1838, 1621772467.0012665], [467506, 491275, 354, 1951, 1838, 1621772468.0013282], [467831, 491640, 362, 1994, 1838, 1621772469.0012836], [468224, 492038, 362, 1994, 1838, 1621772470.0013072], [468547, 492409, 371, 2037, 1838, 1621772471.0011907], [468823, 492754, 384, 2112, 1838, 1621772472.0014818], [469105, 493088, 397, 2185, 1838, 1621772473.0014708], [469392, 493415, 409, 2256, 1838, 1621772474.0015302], [469674, 493738, 423, 2327, 1838, 1621772475.0015342], [470024, 494104, 428, 2358, 1838, 1621772476.0013542], [470420, 494503, 428, 2358, 1838, 1621772477.0013015], [470708, 494847, 441, 2424, 1838, 1621772478.0014508], [470979, 495166, 456, 2500, 1838, 1621772479.001407], [471255, 495483, 470, 2578, 1838, 1621772480.001497], [471535, 495793, 484, 2654, 1838, 1621772481.0013807], [471817, 496102, 498, 2729, 1838, 1621772482.0014923], [472185, 496481, 501, 2745, 1838, 1621772483.0014343], [472575, 496876, 502, 2749, 1838, 1621772484.0015852], [472832, 497178, 518, 2836, 1838, 1621772485.0014253], [473104, 497478, 533, 2917, 1838, 1621772486.0014267], [473376, 497784, 548, 3001, 1838, 1621772487.001413], [473646, 498079, 562, 3087, 1838, 1621772488.0014722], [473916, 498380, 576, 3168, 1838, 1621772489.0013754], [474305, 498771, 576, 3169, 1838, 1621772490.0013254], [474654, 499137, 581, 3197, 1838, 1621772491.0013702], [474910, 499423, 598, 3289, 1838, 1621772492.0014658], [475167, 499713, 612, 3381, 1838, 1621772493.001406], [475428, 500000, 630, 3472, 1838, 1621772494.0015333], [475687, 500296, 646, 3563, 1838, 1621772495.0014117], [475988, 500614, 658, 3626, 1838, 1621772496.0013225], [476384, 501012, 658, 3626, 1838, 1621772497.0013325], [476699, 501345, 666, 3678, 1838, 1621772498.0014958], [476948, 501629, 686, 3770, 1838, 1621772499.0015075], [477198, 501910, 704, 3864, 1838, 1621772500.0014417], [477450, 502186, 721, 3956, 1838, 1621772501.0013165], [477709, 502461, 740, 4046, 1838, 1621772502.0014036], [478037, 502800, 748, 4090, 1838, 1621772503.0013204], [478433, 503197, 748, 4090, 1838, 1621772504.0013156], [478702, 503504, 763, 4168, 1838, 1621772505.0014307], [478949, 503773, 781, 4268, 1838, 1621772506.0013607], [479194, 504044, 799, 4368, 1838, 1621772507.0013678], [479440, 504320, 816, 4469, 1838, 1621772508.001391], [479677, 504677, 830, 4575, 1838, 1621772509.0014522], [480031, 505089, 834, 4603, 1838, 1621772510.0013182], [480426, 505490, 834, 4604, 1838, 1621772511.00132], [480658, 505915, 862, 4704, 1838, 1621772512.0013816], [480889, 506356, 890, 4803, 1838, 1621772513.0013843], [481122, 506790, 909, 4912, 1838, 1621772514.0013251], [481352, 507228, 925, 5023, 1838, 1621772515.0013964], [481586, 507661, 943, 5132, 1838, 1621772516.0014927], [481980, 508061, 943, 5135, 1838, 1621772517.0013275], [482332, 508465, 946, 5165, 1838, 1621772518.0015295], [482556, 508894, 961, 5284, 1838, 1621772519.0004337], [482780, 509319, 979, 5403, 1838, 1621772520.0013354], [483011, 509756, 1001, 5512, 1838, 1621772521.0013213], [483242, 510195, 1014, 5631, 1838, 1621772522.0013027], [483510, 510626, 1027, 5720, 1838, 1621772523.0013216], [483908, 511025, 1027, 5720, 1838, 1621772524.0013278], [484215, 511434, 1039, 5774, 1838, 1621772525.0014675], [484434, 511855, 1064, 5891, 1838, 1621772526.0013642], [484648, 512277, 1081, 6017, 1838, 1621772527.001272], [484866, 512702, 1104, 6137, 1838, 1621772528.001457], [485077, 513118, 1118, 6266, 1838, 1621772529.0014446], [485369, 513524, 1132, 6333, 1838, 1621772530.0013475], [485764, 513926, 1132, 6333, 1838, 1621772531.0013325], [486033, 514332, 1146, 6421, 1838, 1621772532.0012918], [486242, 514748, 1168, 6549, 1838, 1621772533.0013976], [486452, 515163, 1187, 6681, 1838, 1621772534.0013673], [486654, 515572, 1210, 6812, 1838, 1621772535.0015316], [486866, 515983, 1230, 6941, 1838, 1621772536.001345], [487203, 516386, 1236, 6983, 1838, 1621772537.001323], [487596, 516784, 1236, 6983, 1838, 1621772538.001331], [487984, 517182, 1237, 6983, 1838, 1621772539.0012953], [488375, 517576, 1237, 6983, 1838, 1621772540.001326], [488771, 517974, 1237, 6983, 1838, 1621772541.0013018], [489169, 518374, 1237, 6983, 1838, 1621772542.0013433], [489565, 518771, 1237, 6983, 1838, 1621772543.0013123], [489961, 519169, 1237, 6983, 1838, 1621772544.001333], [490354, 519569, 1237, 6983, 1838, 1621772545.0013351], [490749, 519969, 