{"page_size": 4096, "ticks_per_sec": 2, "samples": [[2232489, 2398142, 5, 5, 1499, 1621777380.0261497], [2232871, 2398531, 5, 6, 1697, 1621777381.0012698], [2233268, 2398930, 5, 6, 1763, 1621777382.0012782], [2233650, 2399317, 9, 10, 1895, 1621777383.001285], [2234030, 2399700, 13, 15, 1895, 1621777384.0012946], [2234411, 2400087, 16, 20, 1895, 1621777385.0012798], [2234791, 2400472, 19, 25, 1895, 1621777386.001277], [2235168, 2400857, 22, 31, 1895, 1621777387.0012882], [2235559, 2401250, 23, 33, 1895, 1621777388.0012898], [2235952, 2401647, 23, 33, 1895, 1621777389.0012908], [2236320, 2402020, 27, 45, 1895, 1621777390.0012789], [2236688, 2402394, 33, 55, 1895, 1621777391.0012944], [2237058, 2402764, 38, 66, 1895, 1621777392.0012677], [2237424, 2403140, 40, 80, 1895, 1621777393.0012777], [2237790, 2403511, 43, 93, 1895, 1621777394.001331], [2238182, 2403908, 43, 93, 1895, 1621777395.0013378], [2238570, 2404297, 47, 95, 1895, 1621777396.0012753], [2238924, 2404661, 54, 112, 1895, 1621777397.0012772], [2239281, 2405023, 59, 130, 1895, 1621777398.0013027], [2239633, 2405386, 68, 145, 1895, 1621777399.0012765], [2239987, 2405745, 75, 161, 1895, 1621777400.001295], [2240355, 2406118, 80, 174, 1895, 1621777401.0013185], [2240753, 2406517, 80, 174, 1895, 1621777402.001322], [2241126, 2406893, 84, 184, 1895, 1621777403.001259], [2241477, 2407250, 87, 210, 1895, 1621777404.001254], [2241827, 2407606, 92, 233, 1895, 1621777405.002642], [2242179, 2407963, 99, 254, 1895, 1621777406.0012748], [2242525, 2408320, 104, 277, 1895, 1621777407.0012963], [2242894, 2408692, 115, 281, 1895, 1621777408.0012798], [2243287, 2409091, 115, 281, 1895, 1621777409.0013072], [2243637, 2409460, 115, 308, 1895, 1621777410.0012739], [2243973, 2409817, 115, 344, 1895, 1621777411.001266], [2244314, 2410173, 115, 379, 1895, 1621777412.0012617], [2244653, 2410537, 115, 413, 1895, 1621777413.001276], [2244995, 2410898, 115, 448, 1895, 1621777414.0012639], [2245375, 2411285, 115, 459, 1895, 1621777415.0013254], [2245773, 2411685, 115, 459, 1895, 1621777416.001282], [2246099, 2412078, 115, 500, 1895, 1621777417.0012815], [2246427, 2412469, 115, 542, 1895, 1621777418.0006967], [2246752, 2412864, 115, 583, 1895, 1621777419.0013065], [2247081, 2413261, 123, 617, 1895, 1621777420.0012782], [2247413, 2413648, 129, 652, 1895, 1621777421.0012834], [2247806, 2414045, 129, 655, 1895, 1621777422.0012991], [2248185, 2414449, 129, 665, 1895, 1621777423.0013006], [2248501, 2414865, 135, 709, 1895, 1621777424.0013075], [2248812, 2415287, 141, 754, 1895, 1621777425.0013192], [2249132, 2415703, 147, 798, 1895, 1621777426.001292], [2249445, 2416125, 152, 842, 1895, 1621777427.0012934], [2249776, 2416536, 160, 873, 1895, 1621777428.001273], [2250168, 2416932, 160, 873, 1895, 1621777429.0008476], [2250524, 2417334, 165, 891, 1895, 1621777430.001275], [2250832, 2417757, 171, 938, 1895, 1621777431.0013044], [2251143, 2418170, 181, 981, 1895, 1621777432.001282], [2251451, 2418589, 189, 1026, 1895, 1621777433.0012767], [2251760, 2419014, 195, 1074, 1895, 1621777434.001273], [2252106, 2419423, 202, 1097, 1895, 1621777435.0013332], [2252504, 2419825, 202, 1097, 1895, 1621777436.001295], [2252828, 2420231, 206, 1135, 1895, 1621777437.000973], [2253128, 2420642, 216, 1186, 1895, 1621777438.0013053], [2253426, 2421053, 224, 1239, 1895, 1621777439.0012944], [2253728, 2421465, 234, 1292, 1895, 1621777440.001279], [2254036, 2421879, 245, 1340, 1895, 1621777441.001297], [2254405, 2422281, 249, 1355, 1895, 1621777442.0013494], [2254800, 2422682, 249, 1355, 1895, 1621777443.0012743], [2255100, 2423079, 259, 1408, 1895, 1621777444.0010216], [2255402, 2423485, 269, 1462, 1895, 1621777445.00141], [2255709, 2423899, 277, 1516, 1895, 1621777446.0014215], [2256008, 2424305, 287, 1571, 1895, 1621777447.0012898], [2256309, 2424716, 299, 1623, 1895, 1621777448.0013287], [2256692, 2425115, 301, 1629, 1895, 1621777449.0013099], [2257067, 2425508, 302, 1639, 1895, 1621777450.0013747], [2257360, 2425912, 310, 1702, 1895, 1621777451.0012853], [2257660, 2426308, 324, 1755, 1895, 1621777452.0003276], [2257954, 2426713, 335, 1814, 1895, 1621777453.0013092], [2258249, 2427115, 349, 1870, 1895, 1621777454.0012913], [2258554, 2427519, 359, 1923, 1895, 1621777455.001294], [2258950, 2427917, 359, 1923, 1895, 1621777456.0013225], [2259301, 2428313, 365, 1947, 1895, 1621777457.0006654], [2259592, 2428716, 377, 2007, 1895, 1621777458.00139], [2259876, 2429123, 392, 2068, 1895, 1621777459.0014105], [2260166, 2429526, 406, 2131, 1895, 1621777460.0012417], [2260459, 2429931, 419, 2191, 1895, 1621777461.0012937], [2260791, 2430330, 426, 2230, 1895, 1621777462.0013225], [2261186, 2430728, 426, 2231, 1895, 1621777463.0013103], [2261510, 2431118, 435, 2274, 1895, 1621777464.0012624], [2261790, 2431509, 449, 2342, 1895, 1621777465.0013351], [2262074, 2431903, 460, 2415, 1895, 1621777466.0013094], [2262350, 2432294, 469, 2488, 1895, 1621777467.0004423], [2262625, 2432687, 481, 2561, 1895, 1621777468.0011976], [2262970, 2433082, 486, 2589, 1895, 1621777469.0013227], [2263360, 2433476, 487, 2589, 1895, 1621777470.0013025], [2263651, 2433862, 499, 2653, 1895, 1621777471.0013456], [2263928, 2434246, 510, 2730, 1895, 1621777472.0013328], [2264202, 2434637, 525, 2803, 1895, 1621777473.00134], [2264481, 2435021, 535, 2881, 1895, 1621777474.0013366], [2264759, 2435407, 546, 2957, 1895, 1621777475.001278], [2265138, 2435803, 548, 2969, 1895, 1621777476.0013762], [2265518, 2436201, 549, 2977, 1895, 1621777477.001393], [2265778, 2436581, 564, 3057, 1895, 1621777478.0013976], [2266042, 2436960, 578, 3138, 1895, 1621777479.0013826], [2266305, 2437333, 590, 3223, 1895, 1621777480.0014436], [2266571, 2437711, 606, 3301, 1895, 1621777481.0014105], [2266852, 2438088, 622, 3370, 1895, 1621777482.0012865], [2267247, 2438485, 622, 3370, 1895, 1621777483.0013542], [2267595, 2438872, 627, 3397, 1895, 1621777484.0008466], [2267846, 2439240, 646, 3479, 1895, 1621777485.0014477], [2268106, 2439609, 661, 3559, 1895, 1621777486.0014274], [2268358, 2439972, 678, 3638, 1895, 1621777487.0014343], [2268610, 2440340, 695, 3719, 1895, 1621777488.0013516], [2268905, 2440723, 709, 3773, 1895, 1621777489.0006456], [2269300, 2441120, 709, 3773, 1895, 1621777490.0013392], [2269612, 2441497, 717, 3822, 1895, 1621777491.001377], [2269866, 2441862, 731, 3908, 1895, 1621777492.0011876], [2270120, 2442237, 744, 3995, 1895, 1621777493.0013409], [2270377, 2442605, 761, 4078, 1895, 1621777494.0013118], [2270630, 2442974, 774, 4164, 1895, 1621777495.0013611], [2270964, 2443356, 782, 4202, 1895, 1621777496.0013406], [2271357, 2443756, 782, 4202, 1895, 1621777497.0013063], [2271630, 2444129, 796, 4268, 1895, 1621777498.0013611], [2271881, 2444496, 810, 4354, 1895, 1621777499.0014176], [2272134, 2444863, 825, 4439, 1895, 1621777500.0014133], [2272385, 2445225, 836, 4528, 1895, 1621777501.0013552], [2272637, 2445590, 852, 4612, 1895, 1621777502.0013914], [2273001, 2445980, 855, 4630, 1895, 1621777503.0013793], [2273390, 2446377, 856, 4634, 1895, 1621777504.0009115], [2273651, 2446750, 869, 4722, 1895, 1621777505.001353], [2273915, 2447121, 882, 4808, 1895, 1621777506.0013726], [2274173, 2447495, 902, 4888, 1895, 1621777507.0013514], [2274430, 2447868, 918, 4972, 1895, 1621777508.0013368], [2274698, 2448248, 930, 5055, 1895, 1621777509.0012798], [2275092, 2448644, 930, 5055, 1895, 1621777510.0013163], [2275447, 2449035, 934, 5081, 1895, 1621777511.0014572], [2275708, 2449401, 952, 5164, 1895, 1621777512.0013752], [2275963, 2449779, 968, 5247, 1895, 1621777513.0013049], [2276223, 2450148, 985, 5331, 1895, 1621777514.0013902], [2276483, 2450518, 1003, 5411, 1895, 1621777515.0005372], [2276782, 2450894, 1013, 5474, 1895, 1621777516.0013285], [2277176, 2451295, 1013, 5475, 1895, 1621777517.0013201], [2277495, 2451682, 1018, 5522, 1895, 1621777518.0014129], [2277751, 2452059, 1034, 5606, 1895, 1621777519.0013518], [2278012, 2452432, 1050, 5690, 1895, 1621777520.0013614], [2278273, 2452802, 1065, 5775, 1895, 