{"page_size": 4096, "ticks_per_sec": 2, "samples": [[2338746, 2515673, 1336, 7208, 1895, 1621777680.0356734], [2339127, 2516057, 1336, 7209, 1895, 1621777681.0013292], [2339525, 2516457, 1336, 7209, 1895, 1621777682.0013783], [2339910, 2516850, 1337, 7213, 1895, 1621777683.0013006], [2340291, 2517233, 1338, 7220, 1895, 1621777684.0013196], [2340672, 2517617, 1339, 7227, 1895, 1621777685.0013213], [2341053, 2518003, 1341, 7235, 1895, 1621777686.0013416], [2341431, 2518390, 1342, 7242, 1895, 1621777687.0013032], [2341816, 2518779, 1343, 7246, 1895, 1621777688.0012915], [2342209, 2519178, 1343, 7246, 1895, 1621777689.0013201], [2342586, 2519556, 1344, 7255, 1895, 1621777690.0012832], [2342958, 2519931, 1347, 7267, 1895, 1621777691.0012922], [2343329, 2520306, 1349, 7280, 1895, 1621777692.001356], [2343698, 2520681, 1351, 7292, 1895, 1621777693.0012798], [2344066, 2521056, 1354, 7305, 1895, 1621777694.0008774], [2344449, 2521445, 1355, 7310, 1895, 1621777695.0013363], [2344847, 2521843, 1355, 7311, 1895, 1621777696.00131], [2345208, 2522223, 1358, 7327, 1895, 1621777697.001312], [2345564, 2522603, 1362, 7345, 1895, 1621777698.001269], [2345918, 2522985, 1366, 7363, 1895, 1621777699.0012884], [2346274, 2523362, 1371, 7381, 1895, 1621777700.0012774], [2346634, 2523743, 1375, 7399, 1895, 1621777701.0013316], [2347027, 2524139, 1376, 7402, 1895, 1621777702.0013356], [2347416, 2524540, 1377, 7404, 1895, 1621777703.0013435], [2347763, 2524959, 1381, 7430, 1895, 1621777704.001318], [2348109, 2525380, 1386, 7454, 1895, 1621777705.0013137], [2348459, 2525802, 1389, 7480, 1895, 1621777706.001331], [2348804, 2526223, 1391, 7507, 1895, 1621777707.001291], [2349152, 2526640, 1396, 7530, 1895, 1621777708.0013216], [2349543, 2527038, 1396, 7530, 1895, 1621777709.0013213], [2349911, 2527447, 1398, 7542, 1895, 1621777710.0013158], [2350251, 2527891, 1401, 7575, 1895, 1621777711.001285], [2350592, 2528339, 1408, 7605, 1895, 1621777712.0006998], [2350931, 2528791, 1414, 7635, 1895, 1621777713.001303], [2351271, 2529240, 1419, 7666, 1895, 1621777714.0012956], [2351629, 2529670, 1421, 7689, 1895, 1621777715.0013552], [2352027, 2530069, 1421, 7689, 1895, 1621777716.0013251], [2352384, 2530497, 1424, 7709, 1895, 1621777717.0012755], [2352712, 2530951, 1430, 7742, 1895, 1621777718.0014338], [2353040, 2531406, 1432, 7780, 1895, 1621777719.0013196], [2353368, 2531853, 1438, 7815, 1895, 1621777720.0012991], [2353702, 2532298, 1441, 7850, 1895, 1621777721.0012734], [2354072, 2532720, 1443, 7866, 1895, 1621777722.0013282], [2354468, 2533118, 1443, 7866, 1895, 1621777723.0013638], [2354798, 2533541, 1449, 7900, 1895, 1621777724.0006406], [2355114, 2533979, 1456, 7942, 1895, 1621777725.0013144], [2355433, 2534415, 1462, 7983, 1895, 1621777726.0012755], [2355745, 2534852, 1470, 8022, 1895, 1621777727.001347], [2356061, 2535292, 1478, 8063, 1895, 1621777728.0013173], [2356439, 2535698, 1479, 8071, 1895, 1621777729.001343], [2356831, 2536096, 1480, 8073, 1895, 1621777730.0012753], [2357135, 2536513, 1489, 8120, 1895, 1621777731.0013726], [2357442, 2536931, 1495, 8170, 1895, 1621777732.0012958], [2357749, 2537355, 1506, 8215, 1895, 1621777733.001265], [2358053, 2537778, 1514, 8264, 1895, 1621777734.0013087], [2358361, 2538204, 1524, 8308, 1895, 1621777735.0013056], [2358758, 2538606, 1524, 8309, 1895, 1621777736.0013406], [2359126, 2539010, 1526, 8324, 1895, 1621777737.0013225], [2359418, 2539425, 1533, 8379, 1895, 1621777738.0012898], [2359717, 2539843, 1543, 8431, 1895, 1621777739.0013924], [2360020, 2540256, 1556, 8480, 1895, 1621777740.0014312], [2360328, 2540675, 1569, 8527, 1895, 1621777741.0012918], [2360660, 2541092, 1576, 8564, 1895, 1621777742.00134], [2361057, 2541491, 1576, 8564, 1895, 1621777743.001349], [2361398, 2541890, 1581, 8593, 1895, 1621777744.0012975], [2361696, 2542299, 1594, 8645, 1895, 1621777745.001271], [2362001, 2542712, 1605, 8698, 1895, 1621777746.001288], [2362303, 2543125, 1615, 8752, 1895, 1621777747.00129], [2362606, 2543543, 1623, 8808, 1895, 1621777748.0012648], [2362949, 2543950, 1627, 8836, 1895, 1621777749.0013144], [2363344, 2544348, 1627, 8836, 1895, 1621777750.0013082], [2363668, 2544751, 1634, 8881, 1895, 1621777751.0012772], [2363972, 2545162, 1642, 8941, 1895, 1621777752.0012984], [2364271, 2545573, 1653, 9000, 1895, 1621777753.0012825], [2364571, 2545988, 1662, 9062, 1895, 1621777754.0013652], [2364869, 2546400, 1671, 9125, 1895, 1621777755.0012658], [2365239, 2546805, 1674, 9142, 1895, 1621777756.0013077], [2365631, 2547203, 1674, 9143, 1895, 1621777757.0012815], [2365919, 2547600, 1689, 9200, 1895, 1621777758.0004437], [2366201, 2548007, 1705, 9262, 1895, 1621777759.0013802], [2366489, 2548401, 1719, 9324, 1895, 1621777760.0012867], [2366777, 2548803, 1732, 9388, 1895, 1621777761.0014365], [2367068, 2549199, 1742, 9454, 1895, 1621777762.0012636], [2367457, 2549597, 1742, 9459, 1895, 1621777763.0013132], [2367829, 2549991, 1745, 9472, 1895, 1621777764.0014021], [2368110, 2550387, 1758, 9541, 1895, 1621777765.0014265], [2368393, 2550780, 1772, 9610, 1895, 1621777766.0013926], [2368669, 2551172, 1785, 9678, 1895, 1621777767.0014079], [2368946, 2551564, 1799, 9748, 1895, 1621777768.001386], [2369242, 2551959, 1815, 9801, 1895, 1621777769.001326], [2369633, 2552354, 1815, 9801, 1895, 1621777770.001318], [2369973, 2552743, 1817, 9837, 1895, 1621777771.001333], [2370247, 2553127, 1829, 9914, 1895, 1621777772.0013683], [2370519, 2553512, 1841, 9990, 1895, 1621777773.0014377], [2370793, 2553898, 1860, 10060, 1895, 1621777774.001429], [2371065, 2554281, 1868, 10142, 1895, 1621777775.0013855], [2371390, 2554671, 1878, 10185, 1895, 1621777776.001329], [2371784, 2555070, 1878, 10185, 1895, 1621777777.001329], [2372087, 2555454, 1888, 10234, 1895, 1621777778.0013616], [2372346, 2555829, 1904, 10311, 1895, 1621777779.0013993], [2372609, 2556207, 1921, 10386, 1895, 1621777780.001411], [2372873, 2556579, 1934, 10463, 1895, 1621777781.0013943], [2373139, 2556954, 1948, 10539, 1895, 1621777782.001414], [2373486, 2557344, 1954, 10565, 1895, 1621777783.001345], [2373880, 2557741, 1954, 10565, 1895, 1621777784.0013413], [2374150, 2558115, 1969, 10637, 1895, 1621777785.0014715], [2374405, 2558477, 1985, 10722, 1895, 1621777786.0014408], [2374657, 2558850, 2000, 10805, 1895, 1621777787.0013914], [2374912, 2559218, 2014, 10890, 1895, 1621777788.0014024], [2375162, 2559587, 2029, 10975, 1895, 1621777789.0014029], [2375538, 2559982, 2031, 10987, 1895, 1621777790.0013251], [2375919, 2560377, 2032, 10997, 1895, 1621777791.001403], [2376178, 2560741, 2049, 11080, 1895, 1621777792.001393], [2376434, 2561111, 2062, 11167, 1895, 1621777793.0014086], [2376693, 2561479, 2078, 11250, 1895, 1621777794.0014381], [2376951, 2561847, 2095, 11334, 1895, 1621777795.0013616], [2377224, 2562217, 2105, 11414, 1895, 1621777796.0013049], [2377616, 2562617, 2105, 11414, 1895, 1621777797.0013213], [2377960, 2563009, 2108, 11446, 1895, 1621777798.0014136], [2378215, 2563381, 2125, 11529, 1895, 1621777799.0014122], [2378476, 2563749, 2139, 11615, 1895, 1621777800.001427], [2378735, 2564123, 2157, 11697, 1895, 1621777801.0014997], [2378993, 2564487, 2173, 11781, 1895, 1621777802.001441], [2379297, 2564870, 2184, 11836, 1895, 1621777803.001316], [2379694, 2565268, 2184, 11836, 1895, 1621777804.0013201], [2380004, 2565645, 2191, 11888, 1895, 1621777805.001435], [2380258, 2566006, 2208, 11971, 1895, 1621777806.001402], [2380508, 2566373, 2221, 12058, 1895, 1621777807.0014327], [2380759, 2566739, 2239, 12140, 1895, 1621777808.0014], [2381010, 2567107, 2257, 12222, 1895, 1621777809.001388], [2381347, 2567493, 2262, 12259, 1895, 1621777810.0013301], [2381744, 2567893, 2262, 12259, 1895, 1621777811.0013103], [2382025, 2568269, 2272, 12332, 1895, 1621777812.001435], [2382279, 2568640, 2290, 12414, 1895, 1621777813.0014534], [2382535, 2569016, 2305, 12498, 1895, 1621777814.001452], [2382793, 2569385, 2321, 12583, 1895, 1621777815.001496], [2383053, 2569750, 2337, 12666, 1895, 1621777816.0014472], 