{"page_size": 4096, "ticks_per_sec": 2, "samples": [[2421237, 2610560, 2653, 14413, 1895, 1621777920.025054], [2421625, 2610950, 2653, 14413, 1895, 1621777921.0012453], [2422022, 2611349, 2653, 14413, 1895, 1621777922.0012927], [2422412, 2611743, 2654, 14415, 1895, 1621777923.001271], [2422792, 2612128, 2655, 14422, 1895, 1621777924.0012739], [2423173, 2612513, 2656, 14429, 1895, 1621777925.0012648], [2423556, 2612898, 2658, 14436, 1895, 1621777926.0012696], [2423936, 2613287, 2659, 14443, 1895, 1621777927.001269], [2424319, 2613677, 2660, 14448, 1895, 1621777928.001269], [2424711, 2614076, 2660, 14448, 1895, 1621777929.0013642], [2425090, 2614458, 2661, 14455, 1895, 1621777930.0012715], [2425461, 2614834, 2664, 14468, 1895, 1621777931.0012786], [2425834, 2615208, 2666, 14480, 1895, 1621777932.0011485], [2426205, 2615581, 2668, 14493, 1895, 1621777933.0012825], [2426573, 2615955, 2671, 14506, 1895, 1621777934.0013072], [2426952, 2616339, 2672, 14514, 1895, 1621777935.0013063], [2427350, 2616738, 2672, 14514, 1895, 1621777936.0013368], [2427720, 2617116, 2674, 14526, 1895, 1621777937.0012562], [2428080, 2617477, 2677, 14545, 1895, 1621777938.001267], [2428429, 2617844, 2681, 14563, 1895, 1621777939.0012913], [2428785, 2618208, 2685, 14581, 1895, 1621777940.001235], [2429146, 2618572, 2689, 14599, 1895, 1621777941.0012627], [2429532, 2618962, 2690, 14605, 1895, 1621777942.0013115], [2429928, 2619361, 2690, 14605, 1895, 1621777943.0012717], [2430278, 2619717, 2694, 14627, 1895, 1621777944.001266], [2430629, 2620073, 2698, 14650, 1895, 1621777945.0012553], [2430981, 2620430, 2703, 14674, 1895, 1621777946.0012667], [2431327, 2620784, 2707, 14698, 1895, 1621777947.0012734], [2431678, 2621139, 2712, 14721, 1895, 1621777948.0012665], [2432062, 2621532, 2713, 14723, 1895, 1621777949.0012877], [2432444, 2621921, 2713, 14729, 1895, 1621777950.0012677], [2432785, 2622282, 2720, 14758, 1895, 1621777951.0012577], [2433126, 2622642, 2725, 14788, 1895, 1621777952.0012739], [2433465, 2623004, 2732, 14818, 1895, 1621777953.001289], [2433804, 2623367, 2737, 14849, 1895, 1621777954.0012774], [2434152, 2623728, 2742, 14875, 1895, 1621777955.001323], [2434549, 2624128, 2742, 14875, 1895, 1621777956.001338], [2434916, 2624520, 2745, 14887, 1895, 1621777957.0012732], [2435245, 2624890, 2753, 14921, 1895, 1621777958.0012674], [2435568, 2625266, 2759, 14957, 1895, 1621777959.0012646], [2435897, 2625636, 2764, 14992, 1895, 1621777960.0006201], [2436229, 2626004, 2769, 15027, 1895, 1621777961.001276], [2436586, 2626379, 2772, 15050, 1895, 1621777962.001277], [2436982, 2626778, 2772, 15050, 1895, 1621777963.0013263], [2437328, 2627176, 2775, 15076, 1895, 1621777964.001272], [2437643, 2627572, 2784, 15114, 1895, 1621777965.0012538], [2437965, 2627961, 2794, 15150, 1895, 1621777966.0012548], [2438283, 2628355, 2800, 15191, 1895, 1621777967.0013402], [2438604, 2628748, 2807, 15231, 1895, 1621777968.0012612], [2438962, 2629148, 2810, 15248, 1895, 1621777969.0012949], [2439356, 2629545, 2810, 15248, 1895, 1621777970.0012953], [2439678, 2629945, 2817, 15286, 1895, 1621777971.0012674], [2439988, 2630344, 2829, 15328, 1895, 1621777972.0012698], [2440294, 2630744, 2840, 15371, 1895, 1621777973.001388], [2440602, 2631151, 2849, 15416, 1895, 1621777974.0012665], [2440912, 2631551, 2857, 15462, 1895, 1621777975.0012736], [2441294, 2631951, 2858, 15470, 1895, 1621777976.0013194], [2441680, 2632348, 2858, 15474, 1895, 1621777977.0012672], [2441979, 2632748, 2867, 15526, 1895, 1621777978.0012572], [2442273, 2633158, 2877, 15577, 1895, 1621777979.0012786], [2442569, 2633560, 2887, 15630, 1895, 1621777980.0013583], [2442872, 2633959, 2895, 15680, 1895, 1621777981.0012681], [2443180, 2634358, 2905, 15726, 1895, 1621777982.0013762], [2443576, 2634757, 2905, 15727, 1895, 1621777983.0013618], [2443938, 2635151, 2909, 15743, 1895, 1621777984.0012624], [2444241, 2635550, 2920, 15796, 1895, 1621777985.0012674], [2444547, 2635943, 2931, 15847, 1895, 1621777986.0014455], [2444855, 2636342, 2941, 15899, 1895, 1621777987.0012498], [2445164, 2636743, 2949, 15952, 1895, 1621777988.001266], [2445491, 2637139, 2957, 15988, 1895, 1621777989.0013063], [2445886, 2637535, 2957, 15988, 1895, 1621777990.001325], [2446228, 2637919, 2964, 16020, 1895, 1621777991.0012774], [2446535, 2638312, 2973, 16075, 1895, 1621777992.0012982], [2446843, 2638711, 2982, 16130, 1895, 1621777993.0013783], [2447148, 2639112, 2991, 16186, 1895, 1621777994.0014012], [2447448, 2639508, 3001, 16242, 1895, 1621777995.001279], [2447806, 2639903, 3004, 16268, 1895, 1621777996.0013087], [2448203, 2640301, 3004, 16268, 1895, 1621777997.001296], [2448508, 2640687, 3013, 16320, 1895, 1621777998.001343], [2448787, 2641078, 3024, 16385, 1895, 1621777999.0013254], [2449074, 2641466, 3034, 16453, 1895, 1621778000.0013535], [2449365, 2641858, 3048, 16513, 1895, 1621778001.0013795], [2449657, 2642243, 3060, 16576, 1895, 1621778002.0012848], [2450030, 2642637, 3062, 16589, 1895, 1621778003.0012925], [2450418, 2643033, 3062, 16592, 1895, 1621778004.0014038], [2450699, 2643426, 3073, 16665, 1895, 1621778005.0012736], [2450981, 2643821, 3083, 16739, 1895, 1621778006.0013506], [2451262, 2644212, 3097, 16810, 1895, 1621778007.0012846], [2451541, 2644602, 3109, 16883, 1895, 1621778008.0013154], [2451812, 2644994, 3120, 16956, 1895, 1621778009.0012844], [2452203, 2645389, 3120, 16957, 1895, 1621778010.0013125], [2452561, 2645777, 3124, 16979, 1895, 1621778011.0013895], [2452835, 2646163, 3139, 17052, 1895, 1621778012.0013351], [2453106, 2646544, 3152, 17128, 1895, 1621778013.0014439], [2453376, 2646931, 3163, 17206, 1895, 1621778014.0015242], [2453647, 2647311, 3176, 17283, 1895, 1621778015.0012815], [2453955, 2647696, 3183, 17340, 1895, 1621778016.001319], [2454352, 2648097, 3183, 17341, 1895, 1621778017.0013463], [2454674, 2648479, 3189, 17384, 1895, 1621778018.001397], [2454926, 2648853, 3202, 17466, 1895, 1621778019.0015194], [2455184, 2649219, 3214, 17550, 1895, 1621778020.0013714], [2455445, 2649590, 3227, 17631, 1895, 1621778021.0015163], [2455709, 2649960, 3243, 17707, 1895, 1621778022.001306], [2456033, 2650351, 3253, 17744, 1895, 1621778023.0014367], [2456427, 2650748, 3253, 17744, 1895, 1621778024.0013351], [2456715, 2651124, 3266, 17807, 1895, 1621778025.0014522], [2456971, 2651488, 3282, 17891, 1895, 1621778026.000987], [2457228, 2651858, 3298, 17975, 1895, 1621778027.0015855], [2457482, 2652224, 3311, 18062, 1895, 1621778028.001424], [2457733, 2652603, 3326, 18146, 1895, 1621778029.0014992], [2458094, 2652993, 3330, 18168, 1895, 1621778030.0013318], [2458488, 2653391, 3330, 18168, 1895, 1621778031.001295], [2458741, 2653754, 3346, 18252, 1895, 1621778032.0014856], [2458989, 2654124, 3360, 18338, 1895, 1621778033.0013392], [2459241, 2654486, 3375, 18422, 1895, 1621778034.0013707], [2459492, 2654852, 3392, 18506, 1895, 1621778035.0013614], [2459745, 2655217, 3406, 18591, 1895, 1621778036.0013998], [2460139, 2655616, 3406, 18593, 1895, 1621778037.0013347], [2460500, 2656012, 3408, 18614, 1895, 1621778038.0013664], [2460750, 2656386, 3423, 18699, 1895, 1621778039.0014036], [2461009, 2656758, 3440, 18782, 1895, 1621778040.0013366], [2461266, 2657126, 3458, 18864, 1895, 1621778041.001374], [2461524, 2657492, 3477, 18945, 1895, 1621778042.0014088], [2461809, 2657868, 3490, 19010, 1895, 1621778043.0013204], [2462205, 2658266, 3490, 19010, 1895, 1621778044.0013278], [2462529, 2658643, 3496, 19051, 1895, 1621778045.0014684], [2462781, 2659012, 3512, 19136, 1895, 1621778046.0013812], [2463030, 2659381, 3524, 19223, 1895, 1621778047.0014482], [2463279, 2659748, 3540, 19307, 1895, 1621778048.0013561], [2463526, 2660130, 3557, 19391, 1895, 1621778049.0013726], [2463846, 2660516, 3563, 19437, 1895, 1621778050.0013392], [2464244, 2660915, 3563, 19437, 1895, 1621778051.0013423], [2464542, 2661300, 3575, 19498, 1895, 1621778052.0013795], [2464799, 2661678, 3587, 19585, 1895, 1621778053.0013988], [2465058, 2662056, 3603, 19670, 1895, 1621778054.0013185], [2465320,