{"page_size": 4096, "ticks_per_sec": 2, "samples": [[2551161, 2751451, 3950, 21561, 1895, 1621778280.0189953], [2551550, 2751844, 3950, 21561, 1895, 1621778281.0013056], [2551947, 2752242, 3950, 21562, 1895, 1621778282.0012984], [2552327, 2752626, 3952, 21569, 1895, 1621778283.0012712], [2552707, 2753008, 3953, 21576, 1895, 1621778284.001287], [2553086, 2753393, 3955, 21585, 1895, 1621778285.0012624], [2553463, 2753775, 3957, 21592, 1895, 1621778286.001311], [2553842, 2754159, 3958, 21600, 1895, 1621778287.0012732], [2554233, 2754556, 3958, 21602, 1895, 1621778288.0012867], [2554621, 2754953, 3958, 21604, 1895, 1621778289.0012953], [2554985, 2755321, 3961, 21617, 1895, 1621778290.0012627], [2555354, 2755693, 3963, 21631, 1895, 1621778291.0012872], [2555724, 2756066, 3966, 21643, 1895, 1621778292.0013087], [2556090, 2756436, 3969, 21657, 1895, 1621778293.0006535], [2556456, 2756807, 3971, 21672, 1895, 1621778294.0012946], [2556848, 2757206, 3971, 21672, 1895, 1621778295.0013225], [2557234, 2757593, 3973, 21678, 1895, 1621778296.0012686], [2557590, 2757955, 3976, 21697, 1895, 1621778297.0012763], [2557947, 2758317, 3980, 21715, 1895, 1621778298.0012858], [2558301, 2758680, 3983, 21734, 1895, 1621778299.0013413], [2558654, 2759037, 3987, 21753, 1895, 1621778300.0013216], [2559019, 2759409, 3990, 21767, 1895, 1621778301.0013187], [2559418, 2759809, 3990, 21767, 1895, 1621778302.0013156], [2559789, 2760184, 3992, 21780, 1895, 1621778303.0012836], [2560139, 2760537, 3996, 21804, 1895, 1621778304.0012846], [2560486, 2760890, 4001, 21828, 1895, 1621778305.0012593], [2560839, 2761246, 4005, 21851, 1895, 1621778306.0012856], [2561191, 2761601, 4010, 21874, 1895, 1621778307.0013282], [2561562, 2761977, 4012, 21886, 1895, 1621778308.0012891], [2561954, 2762373, 4012, 21886, 1895, 1621778309.0013163], [2562297, 2762730, 4017, 21908, 1895, 1621778310.001355], [2562635, 2763070, 4022, 21938, 1895, 1621778311.0013955], [2562977, 2763416, 4028, 21968, 1895, 1621778312.0012925], [2563318, 2763759, 4033, 21996, 1895, 1621778313.001399], [2563658, 2764103, 4039, 22026, 1895, 1621778314.001271], [2564036, 2764487, 4040, 22034, 1895, 1621778315.0012753], [2564434, 2764886, 4040, 22035, 1895, 1621778316.0012836], [2564763, 2765220, 4047, 22069, 1895, 1621778317.0015135], [2565088, 2765553, 4053, 22106, 1895, 1621778318.0013454], [2565410, 2765885, 4060, 22141, 1895, 1621778319.0004077], [2565733, 2766218, 4066, 22177, 1895, 1621778320.0013862], [2566062, 2766550, 4073, 22213, 1895, 1621778321.0013225], [2566456, 2766945, 4073, 22215, 1895, 1621778322.0013013], [2566836, 2767330, 4075, 22223, 1895, 1621778323.0013616], [2567155, 2767654, 4082, 22264, 1895, 1621778324.0013554], [2567465, 2767977, 4090, 22305, 1895, 1621778325.00143], [2567786, 2768301, 4097, 22345, 1895, 1621778326.0014246], [2568106, 2768624, 4105, 22386, 1895, 1621778327.0014734], [2568437, 2768961, 4111, 22419, 1895, 1621778328.0013673], [2568832, 2769360, 4111, 22420, 1895, 1621778329.001311], [2569184, 2769718, 4114, 22440, 1895, 1621778330.0014005], [2569491, 2770028, 4123, 22486, 1895, 1621778331.001427], [2569799, 2770341, 4131, 22533, 1895, 1621778332.0013628], [2570107, 2770655, 4139, 22579, 1895, 1621778333.001146], [2570416, 2770967, 4148, 22625, 1895, 1621778334.0015018], [2570761, 2771320, 4153, 22651, 1895, 1621778335.001345], [2571159, 2771720, 4153, 22651, 1895, 1621778336.0013554], [2571489, 2772055, 4159, 22686, 1895, 1621778337.0012748], [2571786, 2772361, 4169, 22738, 1895, 1621778338.0013132], [2572082, 2772669, 4178, 22789, 1895, 1621778339.0013955], [2572375, 2772970, 4188, 22842, 1895, 1621778340.0014033], [2572676, 2773278, 4197, 22893, 1895, 1621778341.0013835], [2573042, 2773647, 4200, 22910, 1895, 1621778342.0013437], [2573438, 2774047, 4201, 22910, 1895, 1621778343.0012684], [2573735, 2774355, 4210, 22963, 1895, 1621778344.0013645], [2574032, 2774666, 4220, 23017, 1895, 1621778345.0014045], [2574339, 2774982, 4231, 23069, 1895, 1621778346.001415], [2574645, 2775296, 4240, 23123, 1895, 1621778347.0013845], [2574951, 2775608, 4249, 23176, 1895, 1621778348.0013893], [2575335, 2775997, 4250, 23181, 1895, 1621778349.0013065], [2575708, 2776377, 4252, 23190, 1895, 1621778350.0013552], [2576001, 2776693, 4261, 23252, 1895, 1621778351.0014136], [2576302, 2777012, 4273, 23308, 1895, 1621778352.0013292], [2576603, 2777331, 4282, 23367, 1895, 1621778353.001361], [2576900, 2777650, 4294, 23425, 1895, 1621778354.001441], [2577201, 2777981, 4303, 23478, 1895, 1621778355.0012634], [2577599, 2778380, 4303, 23478, 1895, 1621778356.0007067], [2577950, 2778748, 4307, 23505, 1895, 1621778357.0013504], [2578236, 2779078, 4319, 23569, 1895, 1621778358.0013804], [2578519, 2779394, 4331, 23635, 1895, 1621778359.0013504], [2578800, 2779719, 4345, 23698, 1895, 1621778360.0013363], [2579089, 2780034, 4357, 23763, 1895, 1621778361.0014157], [2579418, 2780385, 4364, 23804, 1895, 1621778362.0013058], [2579812, 2780782, 4364, 23804, 1895, 1621778363.0013142], [2580135, 2781132, 4372, 23847, 1895, 1621778364.0013509], [2580415, 2781444, 4385, 23916, 1895, 1621778365.0013576], [2580699, 2781768, 4399, 23983, 1895, 1621778366.0014374], [2580982, 2782081, 4413, 24050, 1895, 1621778367.0014253], [2581261, 2782398, 4424, 24120, 1895, 1621778368.0014153], [2581611, 2782762, 4428, 24148, 1895, 1621778369.0013294], [2581998, 2783154, 4428, 24148, 1895, 1621778370.001286], [2582281, 2783493, 4439, 24214, 1895, 1621778371.0013888], [2582555, 2783847, 4448, 24293, 1895, 1621778372.0014234], [2582825, 2784224, 4458, 24370, 1895, 1621778373.001371], [2583097, 2784614, 4468, 24449, 1895, 1621778374.0013797], [2583366, 2785023, 4478, 24527, 1895, 1621778375.0014367], [2583746, 2785425, 4480, 24539, 1895, 1621778376.001338], [2584126, 2785825, 4481, 24547, 1895, 1621778377.0013688], [2584394, 2786243, 4487, 24633, 1895, 1621778378.0013056], [2584661, 2786665, 4495, 24721, 1895, 1621778379.0013623], [2584923, 2787070, 4503, 24810, 1895, 1621778380.0014923], [2585192, 2787498, 4510, 24895, 1895, 1621778381.0014215], [2585474, 2787904, 4521, 24968, 1895, 1621778382.0013182], [2585870, 2788303, 4521, 24968, 1895, 1621778383.001322], [2586219, 2788690, 4525, 24997, 1895, 1621778384.001502], [2586465, 2789064, 4541, 25084, 1895, 1621778385.0014207], [2586719, 2789429, 4558, 25167, 1895, 1621778386.0014393], [2586973, 2789799, 4572, 25256, 1895, 1621778387.0014567], [2587224, 2790174, 4589, 25341, 1895, 1621778388.0013883], [2587519, 2790560, 4600, 25401, 1895, 1621778389.0012994], [2587908, 2790956, 4600, 25401, 1895, 1621778390.0013096], [2588221, 2791333, 4608, 25450, 1895, 1621778391.0014677], [2588471, 2791690, 4626, 25535, 1895, 1621778392.0013967], [2588716, 2792060, 4644, 25621, 1895, 1621778393.00142], [2588966, 2792424, 4659, 25708, 1895, 1621778394.0014346], [2589213, 2792792, 4673, 25797, 1895, 1621778395.0013776], [2589545, 2793178, 4683, 25834, 1895, 1621778396.001323], [2589941, 2793576, 4683, 25834, 1895, 1621778397.0012884], [2590210, 2793955, 4695, 25905, 1895, 1621778398.0014234], [2590453, 2794320, 4716, 25986, 1895, 1621778399.0014834], [2590689, 2794689, 4731, 26074, 1895, 1621778400.0014427], [2590934, 2795054, 4747, 26162, 1895, 1621778401.0013916], [2591187, 2795423, 4760, 26251, 1895, 1621778402.0013847], [2591553, 2795817, 4765, 26269, 1895, 1621778403.001325], [2591940, 2796214, 4765, 26274, 1895, 1621778404.001455], [2592189, 2796587, 4781, 26360, 1895, 1621778405.0013957], [2592441, 2796954, 4795, 26449, 1895, 1621778406.0013738], [2592692, 2797324, 4811, 26536, 1895, 1621778407.0013957], [2592939, 2797704, 4829, 26621, 1895, 1621778408.00142], [2593195, 2798074, 4848, 26701, 1895, 1621778409.001274], [2593585, 2798471, 4848, 26702, 1895, 1621778410.0013301], [2593940, 2798861, 4852, 26728, 1895, 1621778411.0013266], [2594194, 2799220, 4868, 26814, 1895, 1621778412.0015166], [2594442, 2799597, 4886, 26899, 1895, 1621778413.0013738], [2594694, 2799969, 4898, 26990, 1895, 1621778414.0013413], [2594947, 