{"page_size": 4096, "ticks_per_sec": 2, "samples": [[2633426, 2841604, 5251, 28880, 1895, 1621778520.0322487], [2633809, 2841990, 5251, 28880, 1895, 1621778521.0012712], [2634206, 2842390, 5251, 28880, 1895, 1621778522.0012972], [2634587, 2842773, 5252, 28887, 1895, 1621778523.0013385], [2634967, 2843157, 5254, 28895, 1895, 1621778524.0014744], [2635343, 2843540, 5255, 28903, 1895, 1621778525.0013716], [2635723, 2843923, 5256, 28911, 1895, 1621778526.00133], [2636099, 2844305, 5258, 28920, 1895, 1621778527.0013828], [2636488, 2844700, 5258, 28922, 1895, 1621778528.0013456], [2636880, 2845094, 5258, 28923, 1895, 1621778529.001486], [2637241, 2845470, 5261, 28936, 1895, 1621778530.001466], [2637608, 2845845, 5264, 28950, 1895, 1621778531.001488], [2637976, 2846220, 5266, 28964, 1895, 1621778532.0014353], [2638341, 2846599, 5269, 28978, 1895, 1621778533.0015035], [2638706, 2846980, 5272, 28994, 1895, 1621778534.0013463], [2639097, 2847378, 5272, 28994, 1895, 1621778535.0013518], [2639483, 2847769, 5273, 28999, 1895, 1621778536.0014093], [2639841, 2848154, 5276, 29019, 1895, 1621778537.001399], [2640195, 2848548, 5280, 29038, 1895, 1621778538.0014422], [2640541, 2848966, 5287, 29055, 1895, 1621778539.0014553], [2640889, 2849399, 5296, 29070, 1895, 1621778540.001282], [2641252, 2849835, 5307, 29079, 1895, 1621778541.0013967], [2641650, 2850234, 5307, 29079, 1895, 1621778542.0013385], [2642022, 2850618, 5310, 29090, 1895, 1621778543.0012765], [2642366, 2850969, 5315, 29117, 1895, 1621778544.001316], [2642710, 2851319, 5319, 29142, 1895, 1621778545.0012968], [2643056, 2851667, 5324, 29167, 1895, 1621778546.001329], [2643398, 2852018, 5329, 29193, 1895, 1621778547.0012727], [2643764, 2852389, 5331, 29207, 1895, 1621778548.0013404], [2644157, 2852788, 5331, 29207, 1895, 1621778549.001379], [2644501, 2853148, 5335, 29229, 1895, 1621778550.0013282], [2644835, 2853496, 5340, 29260, 1895, 1621778551.001282], [2645172, 2853846, 5347, 29289, 1895, 1621778552.0013072], [2645509, 2854195, 5354, 29318, 1895, 1621778553.000513], [2645849, 2854544, 5359, 29349, 1895, 1621778554.001336], [2646223, 2854924, 5361, 29359, 1895, 1621778555.0013492], [2646620, 2855323, 5361, 29360, 1895, 1621778556.0012803], [2646948, 2855708, 5368, 29392, 1895, 1621778557.0013857], [2647271, 2856097, 5373, 29430, 1895, 1621778558.0012841], [2647594, 2856484, 5382, 29465, 1895, 1621778559.0012841], [2647916, 2856879, 5389, 29500, 1895, 1621778560.0013008], [2648244, 2857268, 5396, 29536, 1895, 1621778561.0012999], [2648634, 2857666, 5396, 29541, 1895, 1621778562.00131], [2649018, 2858064, 5396, 29547, 1895, 1621778563.0013096], [2649335, 2858482, 5402, 29591, 1895, 1621778564.001306], [2649645, 2858897, 5407, 29636, 1895, 1621778565.0012994], [2649965, 2859321, 5415, 29676, 1895, 1621778566.0012727], [2650279, 2859749, 5423, 29717, 1895, 1621778567.0012836], [2650605, 2860172, 5426, 29757, 1895, 1621778568.001337], [2650997, 2860571, 5426, 29757, 1895, 1621778569.001351], [2651351, 2860980, 5429, 29775, 1895, 1621778570.0012956], [2651657, 2861411, 5437, 29823, 1895, 1621778571.0013278], [2651967, 2861837, 5447, 29868, 1895, 1621778572.0013258], [2652274, 2862263, 5455, 29916, 1895, 1621778573.0012803], [2652583, 2862691, 5460, 29965, 1895, 1621778574.0012884], [2652921, 2863112, 5463, 29998, 1895, 1621778575.0013468], [2653319, 2863514, 5463, 29998, 1895, 1621778576.0007885], [2653654, 2863923, 5471, 30027, 1895, 1621778577.0012887], [2653955, 2864335, 5480, 30079, 1895, 1621778578.0012822], [2654265, 2864760, 5489, 30128, 1895, 1621778579.001333], [2654569, 2865188, 5494, 30182, 1895, 1621778580.001388], [2654881, 2865614, 5508, 30226, 1895, 1621778581.0013375], [2655240, 2866028, 5511, 30249, 1895, 1621778582.0013297], [2655636, 2866425, 5511, 30249, 1895, 1621778583.0013378], [2655945, 2866827, 5520, 30295, 1895, 1621778584.0012815], [2656244, 2867244, 5529, 30351, 1895, 1621778585.0008364], [2656549, 2867663, 5541, 30403, 1895, 1621778586.001285], [2656850, 2868077, 5553, 30456, 1895, 1621778587.0012734], [2657152, 2868499, 5560, 30512, 1895, 1621778588.001324], [2657525, 2868905, 5563, 30522, 1895, 1621778589.001331], [2657912, 2869304, 5564, 30524, 1895, 1621778590.0013146], [2658199, 2869705, 5577, 30582, 1895, 1621778591.001286], [2658496, 2870111, 5586, 30643, 1895, 1621778592.0013614], [2658790, 2870524, 5593, 30706, 1895, 1621778593.001357], [2659082, 2870931, 5602, 30769, 1895, 1621778594.0013046], [2659374, 2871342, 5616, 30824, 1895, 1621778595.0008512], [2659772, 2871742, 5616, 30825, 1895, 1621778596.0013664], [2660134, 2872136, 5618, 30845, 1895, 1621778597.0013402], [2660418, 2872541, 5630, 30909, 1895, 1621778598.0012505], [2660700, 2872945, 5643, 30974, 1895, 1621778599.0013552], [2660979, 2873346, 5655, 31041, 1895, 1621778600.0013456], [2661266, 2873750, 5668, 31105, 1895, 1621778601.0013416], [2661581, 2874150, 5676, 31155, 1895, 1621778602.0013402], [2661977, 2874548, 5676, 31155, 1895, 1621778603.0013013], [2662310, 2874942, 5685, 31189, 1895, 1621778604.0013318], [2662585, 2875344, 5699, 31259, 1895, 1621778605.0013378], [2662862, 2875741, 5711, 31330, 1895, 1621778606.0004196], [2663141, 2876140, 5728, 31397, 1895, 1621778607.0012403], [2663418, 2876540, 5739, 31469, 1895, 1621778608.0013666], [2663753, 2876943, 5744, 31505, 1895, 1621778609.0013409], [2664138, 2877334, 5744, 31505, 1895, 1621778610.0013201], [2664435, 2877721, 5756, 31561, 1895, 1621778611.0013747], [2664706, 2878114, 5774, 31632, 1895, 1621778612.0013542], [2664971, 2878497, 5786, 31710, 1895, 1621778613.0014508], [2665242, 2878885, 5802, 31784, 1895, 1621778614.0014074], [2665507, 2879275, 5815, 31861, 1895, 1621778615.00133], [2665872, 2879672, 5822, 31877, 1895, 1621778616.001353], [2666269, 2880071, 5822, 31878, 1895, 1621778617.0012913], [2666532, 2880453, 5838, 31955, 1895, 1621778618.0013878], [2666793, 2880837, 5856, 32034, 1895, 1621778619.001455], [2667050, 2881219, 5870, 32119, 1895, 1621778620.0014338], [2667315, 2881602, 5885, 32198, 1895, 1621778621.0014935], [2667580, 2881979, 5898, 32281, 1895, 1621778622.0014641], [2667972, 2882378, 5899, 32282, 1895, 1621778623.0013292], [2668335, 2882772, 5903, 32301, 1895, 1621778624.0013561], [2668580, 2883139, 5918, 32387, 1895, 1621778625.0014014], [2668834, 2883512, 5935, 32471, 1895, 1621778626.0013924], [2669088, 2883887, 5950, 32557, 1895, 1621778627.0014088], [2669342, 2884260, 5966, 32641, 1895, 1621778628.001499], [2669625, 2884641, 5976, 32710, 1895, 1621778629.001308], [2670014, 2885038, 5976, 32710, 1895, 1621778630.0013018], [2670343, 2885420, 5987, 32747, 1895, 1621778631.001403], [2670595, 2885783, 6004, 32833, 1895, 1621778632.0015602], [2670847, 2886149, 6020, 32920, 1895, 1621778633.001497], [2671097, 2886516, 6035, 33007, 1895, 1621778634.0015311], [2671345, 2886886, 6052, 33093, 1895, 1621778635.0014832], [2671662, 2887269, 6066, 33137, 1895, 1621778636.0013933], [2672059, 2887669, 6066, 33137, 1895, 1621778637.0013282], [2672350, 2888043, 6078, 33195, 1895, 1621778638.0013103], [2672599, 2888414, 6093, 33284, 1895, 1621778639.0014417], [2672841, 2888783, 6109, 33371, 1895, 1621778640.0015843], [2673092, 2889153, 6122, 33462, 1895, 1621778641.0008464], [2673345, 2889523, 6142, 33545, 1895, 1621778642.0014746], [2673694, 2889912, 6147, 33573, 1895, 1621778643.0013406], [2674091, 2890310, 6147, 33574, 1895, 1621778644.0012982], [2674349, 2890686, 6160, 33656, 1895, 1621778645.0014098], [2674604, 2891051, 6177, 33742, 1895, 1621778646.001388], [2674857, 2891417, 6199, 33824, 1895, 1621778647.0014365], [2675108, 2891788, 6216, 33909, 1895, 1621778648.0013976], [2675359, 2892160, 6228, 34001, 1895, 1621778649.001451], [2675740, 2892554, 6232, 34006, 1895, 1621778650.0013554], [2676109, 2892946, 6232, 34023, 1895, 1621778651.0014246], [2676362, 2893314, 6248, 34110, 1895, 1621778652.0013604], [2676612, 2893693, 6259, 34202, 1895, 1621778653.0014133], [2676864, 2894065, 6276, 34288, 1895, 1621778654.001353], [2677107, 2894435, 