{"page_size": 4096, "ticks_per_sec": 2, "samples": [[2715548, 2935698, 6633, 36190, 1895, 1621778760.0318718], [2715927, 2936082, 6633, 36190, 1895, 1621778761.0012875], [2716324, 2936481, 6634, 36190, 1895, 1621778762.0012767], [2716702, 2936927, 6639, 36194, 1895, 1621778763.0014782], [2717082, 2937361, 6640, 36201, 1895, 1621778764.0013857], [2717458, 2937784, 6642, 36209, 1895, 1621778765.0013149], [2717839, 2938172, 6644, 36217, 1895, 1621778766.0005312], [2718219, 2938556, 6645, 36225, 1895, 1621778767.0012848], [2718612, 2938951, 6646, 36226, 1895, 1621778768.0012805], [2719000, 2939347, 6646, 36228, 1895, 1621778769.001282], [2719366, 2939716, 6649, 36241, 1895, 1621778770.0012803], [2719731, 2940091, 6651, 36254, 1895, 1621778771.001299], [2720102, 2940463, 6653, 36267, 1895, 1621778772.0012789], [2720466, 2940835, 6656, 36281, 1895, 1621778773.0011706], [2720836, 2941212, 6659, 36294, 1895, 1621778774.0013955], [2721228, 2941608, 6659, 36294, 1895, 1621778775.0012958], [2721612, 2941993, 6660, 36301, 1895, 1621778776.0012934], [2721973, 2942360, 6664, 36319, 1895, 1621778777.0012705], [2722333, 2942722, 6667, 36337, 1895, 1621778778.0012782], [2722685, 2943085, 6670, 36356, 1895, 1621778779.0013194], [2723040, 2943446, 6674, 36374, 1895, 1621778780.0006583], [2723410, 2943823, 6676, 36387, 1895, 1621778781.0013306], [2723808, 2944224, 6676, 36387, 1895, 1621778782.0013561], [2724176, 2944595, 6679, 36402, 1895, 1621778783.0012918], [2724524, 2944948, 6683, 36425, 1895, 1621778784.0013332], [2724874, 2945301, 6688, 36448, 1895, 1621778785.0012734], [2725225, 2945655, 6692, 36472, 1895, 1621778786.0013325], [2725575, 2946010, 6697, 36495, 1895, 1621778787.0012844], [2725951, 2946389, 6698, 36506, 1895, 1621778788.001322], [2726339, 2946784, 6698, 36506, 1895, 1621778789.0013967], [2726682, 2947139, 6703, 36530, 1895, 1621778790.0012527], [2727018, 2947491, 6709, 36559, 1895, 1621778791.0012624], [2727357, 2947841, 6714, 36590, 1895, 1621778792.001266], [2727696, 2948189, 6720, 36619, 1895, 1621778793.0012581], [2728036, 2948539, 6726, 36649, 1895, 1621778794.0012803], [2728419, 2948929, 6727, 36655, 1895, 1621778795.001325], [2728813, 2949327, 6728, 36657, 1895, 1621778796.0012922], [2729139, 2949708, 6736, 36691, 1895, 1621778797.001269], [2729469, 2950084, 6744, 36723, 1895, 1621778798.0012782], [2729792, 2950471, 6751, 36758, 1895, 1621778799.001272], [2730120, 2950858, 6758, 36793, 1895, 1621778800.0012772], [2730450, 2951238, 6763, 36827, 1895, 1621778801.0013306], [2730848, 2951638, 6764, 36828, 1895, 1621778802.001317], [2731219, 2952037, 6764, 36843, 1895, 1621778803.0013125], [2731533, 2952451, 6767, 36889, 1895, 1621778804.0013752], [2731843, 2952872, 6777, 36930, 1895, 1621778805.0012698], [2732163, 2953284, 6785, 36969, 1895, 1621778806.001289], [2732479, 2953694, 6795, 37008, 1895, 1621778807.0012877], [2732819, 2954105, 6802, 37036, 1895, 1621778808.001379], [2733210, 2954504, 6802, 37036, 1895, 1621778809.0012925], [2733556, 2954907, 6806, 37061, 1895, 1621778810.0012822], [2733858, 2955323, 6819, 37103, 1895, 1621778811.0012755], [2734169, 2955745, 6825, 37152, 1895, 1621778812.0012922], [2734475, 2956172, 6833, 37200, 1895, 1621778813.0013447], [2734784, 2956596, 6839, 37249, 1895, 1621778814.001315], [2735136, 2957010, 6845, 37270, 1895, 1621778815.0013356], [2735534, 2957411, 6845, 37270, 1895, 1621778816.0013227], [2735854, 2957817, 6853, 37310, 1895, 1621778817.0013623], [2736151, 2958231, 6865, 37360, 1895, 1621778818.0012534], [2736443, 2958652, 6876, 37411, 1895, 1621778819.0013602], [2736740, 2959067, 6886, 37463, 1895, 1621778820.0012631], [2737040, 2959483, 6895, 37513, 1895, 1621778821.001279], [2737413, 2959887, 6898, 37526, 1895, 1621778822.001287], [2737808, 2960289, 6898, 37527, 1895, 1621778823.0015116], [2738101, 2960687, 6909, 37584, 1895, 1621778824.001306], [2738403, 2961106, 6920, 37636, 1895, 1621778825.001306], [2738710, 2961521, 6933, 37687, 1895, 1621778826.0013068], [2739014, 2961932, 6945, 37740, 1895, 1621778827.0013194], [2739320, 2962346, 6956, 37791, 1895, 1621778828.0012903], [2739705, 2962741, 6956, 37792, 1895, 1621778829.0013163], [2740069, 2963137, 6958, 37809, 1895, 1621778830.0010583], [2740362, 2963554, 6965, 37871, 1895, 1621778831.001273], [2740663, 2963963, 6975, 37930, 1895, 1621778832.0012655], [2740961, 2964372, 6987, 37986, 1895, 1621778833.0013986], [2741258, 2964784, 6999, 38044, 1895, 1621778834.0013883], [2741575, 2965191, 7009, 38087, 1895, 1621778835.0012841], [2741973, 2965589, 7009, 38087, 1895, 1621778836.0013185], [2742312, 2965988, 7014, 38120, 1895, 1621778837.0013828], [2742603, 2966394, 7028, 38182, 1895, 1621778838.0013075], [2742877, 2966806, 7040, 38248, 1895, 1621778839.00128], [2743160, 2967212, 7050, 38316, 1895, 1621778840.001369], [2743446, 2967615, 7060, 38383, 1895, 1621778841.0014603], [2743787, 2968016, 7067, 38418, 1895, 1621778842.001293], [2744183, 2968416, 7067, 38418, 1895, 1621778843.0012867], [2744488, 2968806, 7079, 38469, 1895, 1621778844.0014555], [2744767, 2969208, 7089, 38541, 1895, 1621778845.001414], [2745049, 2969609, 7102, 38611, 1895, 1621778846.0013866], [2745328, 2970009, 7119, 38676, 1895, 1621778847.001381], [2745606, 2970401, 7134, 38745, 1895, 1621778848.001348], [2745961, 2970799, 7137, 38765, 1895, 1621778849.0013406], [2746351, 2971191, 7137, 38765, 1895, 1621778850.0012822], [2746622, 2971583, 7152, 38836, 1895, 1621778851.0014026], [2746893, 2971971, 7164, 38913, 1895, 1621778852.0014255], [2747161, 2972359, 7175, 38992, 1895, 1621778853.001361], [2747430, 2972752, 7189, 39068, 1895, 1621778854.0014281], [2747698, 2973139, 7207, 39140, 1895, 1621778855.001359], [2748090, 2973538, 7208, 39143, 1895, 1621778856.0013375], [2748459, 2973931, 7212, 39158, 1895, 1621778857.0013475], [2748717, 2974306, 7224, 39246, 1895, 1621778858.0013525], [2748969, 2974684, 7241, 39328, 1895, 1621778859.0013907], [2749227, 2975062, 7256, 39414, 1895, 1621778860.001347], [2749486, 2975447, 7266, 39501, 1895, 1621778861.0013697], [2749776, 2975831, 7277, 39567, 1895, 1621778862.0013282], [2750172, 2976231, 7277, 39567, 1895, 1621778863.0013456], [2750506, 2976614, 7287, 39601, 1895, 1621778864.0013702], [2750754, 2976982, 7306, 39685, 1895, 1621778865.001439], [2751012, 2977351, 7320, 39774, 1895, 1621778866.0014534], [2751269, 2977725, 7337, 39860, 1895, 1621778867.0014482], [2751524, 2978093, 7355, 39945, 1895, 1621778868.001384], [2751829, 2978482, 7362, 39997, 1895, 1621778869.0013463], [2752220, 2978878, 7362, 39997, 1895, 1621778870.0013201], [2752520, 2979264, 7371, 40057, 1895, 1621778871.001375], [2752781, 2979641, 7387, 40143, 1895, 1621778872.0013459], [2753038, 2980011, 7400, 40233, 1895, 1621778873.001357], [2753299, 2980382, 7413, 40323, 1895, 1621778874.0014527], [2753556, 2980759, 7434, 40405, 1895, 1621778875.001499], [2753905, 2981148, 7440, 40434, 1895, 1621778876.001337], [2754301, 2981547, 7440, 40434, 1895, 1621778877.001281], [2754566, 2981917, 7448, 40520, 1895, 1621778878.001385], [2754814, 2982290, 7461, 40610, 1895, 1621778879.0014386], [2755063, 2982657, 7478, 40696, 1895, 1621778880.0014079], [2755315, 2983031, 7495, 40781, 1895, 1621778881.001479], [2755571, 2983400, 7512, 40868, 1895, 1621778882.0014467], [2755955, 2983798, 7512, 40877, 1895, 1621778883.001321], [2756327, 2984190, 7513, 40893, 1895, 1621778884.0013897], [2756578, 2984572, 7533, 40976, 1895, 1621778885.0013652], [2756832, 2984935, 7552, 41060, 1895, 1621778886.0014057], [2757082, 2985307, 7563, 41152, 1895, 1621778887.0014405], [2757334, 2985676, 7576, 41242, 1895, 1621778888.0013824], [2757600, 2986050, 7594, 41311, 1895, 1621778889.0013173], [2757992, 2986445, 7594, 41311, 1895, 1621778890.001319], [2758325, 2986835, 7598, 41349, 1895, 1621778891.0013456], [2758580, 2987201, 7611, 41438, 1895, 1621778892.0013988], [2758832, 2987575, 7624, 41527, 1895, 1621778893.0014093], [2759086, 2987948, 7642, 41612, 1895, 1621778894.0013902], [2759331, 2988322, 