{"page_size": 4096, "ticks_per_sec": 2, "samples": [[1627002, 1749705, 13683, 73083, 1838, 1621775700.0328848], [1627383, 1750093, 13683, 73083, 1838, 1621775701.0013096], [1627780, 1750492, 13683, 73083, 1838, 1621775702.0013332], [1628158, 1750877, 13685, 73090, 1838, 1621775703.0013018], [1628535, 1751260, 13686, 73098, 1838, 1621775704.0012884], [1628915, 1751643, 13688, 73105, 1838, 1621775705.001274], [1629295, 1752028, 13689, 73113, 1838, 1621775706.0012872], [1629675, 1752411, 13691, 73121, 1838, 1621775707.0014732], [1630070, 1752810, 13691, 73122, 1838, 1621775708.0012696], [1630458, 1753202, 13693, 73123, 1838, 1621775709.0013897], [1630827, 1753572, 13695, 73136, 1838, 1621775710.0013652], [1631197, 1753947, 13697, 73149, 1838, 1621775711.0013509], [1631569, 1754323, 13699, 73161, 1838, 1621775712.0013523], [1631935, 1754696, 13702, 73174, 1838, 1621775713.0013394], [1632303, 1755073, 13704, 73187, 1838, 1621775714.0013256], [1632694, 1755469, 13704, 73187, 1838, 1621775715.0013287], [1633076, 1755853, 13705, 73194, 1838, 1621775716.0015254], [1633432, 1756219, 13708, 73213, 1838, 1621775717.0013728], [1633790, 1756581, 13712, 73232, 1838, 1621775718.0014741], [1634144, 1756947, 13715, 73250, 1838, 1621775719.0014455], [1634500, 1757306, 13719, 73269, 1838, 1621775720.00141], [1634871, 1757683, 13721, 73282, 1838, 1621775721.0013454], [1635269, 1758081, 13721, 73282, 1838, 1621775722.0013375], [1635631, 1758450, 13724, 73297, 1838, 1621775723.0013847], [1635976, 1758804, 13729, 73322, 1838, 1621775724.001355], [1636321, 1759156, 13733, 73347, 1838, 1621775725.0013907], [1636668, 1759508, 13737, 73372, 1838, 1621775726.0013638], [1637016, 1759862, 13743, 73396, 1838, 1621775727.0014503], [1637391, 1760241, 13745, 73406, 1838, 1621775728.0013216], [1637786, 1760641, 13745, 73406, 1838, 1621775729.001298], [1638125, 1760986, 13750, 73434, 1838, 1621775730.0014586], [1638463, 1761333, 13755, 73464, 1838, 1621775731.0014906], [1638803, 1761676, 13761, 73493, 1838, 1621775732.001551], [1639140, 1762020, 13767, 73522, 1838, 1621775733.0014298], [1639477, 1762364, 13773, 73553, 1838, 1621775734.00134], [1639864, 1762754, 13774, 73558, 1838, 1621775735.001492], [1640253, 1763146, 13774, 73562, 1838, 1621775736.0013638], [1640581, 1763478, 13781, 73598, 1838, 1621775737.0014122], [1640905, 1763808, 13788, 73634, 1838, 1621775738.001438], [1641228, 1764142, 13796, 73671, 1838, 1621775739.0014277], [1641554, 1764472, 13803, 73707, 1838, 1621775740.0015144], [1641885, 1764812, 13810, 73741, 1838, 1621775741.0013096], [1642284, 1765213, 13810, 73741, 1838, 1621775742.0013473], [1642650, 1765590, 13813, 73755, 1838, 1621775743.001342], [1642960, 1765925, 13822, 73799, 1838, 1621775744.00141], [1643273, 1766262, 13831, 73843, 1838, 1621775745.0017068], [1643591, 1766594, 13838, 73886, 1838, 1621775746.001424], [1643908, 1766924, 13845, 73930, 1838, 1621775747.0014973], [1644248, 1767280, 13851, 73960, 1838, 1621775748.0003583], [1644642, 1767680, 13851, 73960, 1838, 1621775749.0013533], [1644984, 1768048, 13858, 73987, 1838, 1621775750.0014124], [1645290, 1768386, 13866, 74035, 1838, 1621775751.0014253], [1645599, 1768730, 13876, 74082, 1838, 1621775752.0014303], [1645903, 1769069, 13885, 74130, 1838, 1621775753.0013597], [1646208, 1769415, 13893, 74179, 1838, 1621775754.0014088], [1646561, 1769791, 13897, 74201, 1838, 1621775755.0013504], [1646958, 1770193, 13897, 74201, 1838, 1621775756.0013642], [1647269, 1770558, 13906, 74243, 1838, 1621775757.0013552], [1647561, 1770921, 13914, 74300, 1838, 1621775758.0013347], [1647851, 1771285, 13922, 74356, 1838, 1621775759.0013463], [1648140, 1771656, 13934, 74411, 1838, 1621775760.001329], [1648434, 1772022, 13946, 74462, 1838, 1621775761.0012934], [1648810, 1772411, 13948, 74474, 1838, 1621775762.0013173], [1649198, 1772808, 13948, 74476, 1838, 1621775763.0013702], [1649482, 1773179, 13956, 74540, 1838, 1621775764.0013258], [1649769, 1773552, 13965, 74599, 1838, 1621775765.001375], [1650062, 1773926, 13977, 74656, 1838, 1621775766.0013075], [1650360, 1774301, 13989, 74712, 1838, 1621775767.0013468], [1650661, 1774673, 13996, 74770, 1838, 1621775768.0013125], [1651053, 1775069, 13996, 74771, 1838, 1621775769.0013134], [1651416, 1775458, 14000, 74788, 1838, 1621775770.0014324], [1651702, 1775839, 14008, 74854, 1838, 1621775771.0013494], [1651997, 1776219, 14018, 74917, 1838, 1621775772.0014567], [1652286, 1776605, 14029, 74979, 1838, 1621775773.0013967], [1652578, 1776994, 14038, 75044, 1838, 1621775774.0014098], [1652887, 1777382, 14048, 75091, 1838, 1621775775.0013795], [1653284, 1777781, 14048, 75091, 1838, 1621775776.0013797], [1653620, 1778173, 14054, 75125, 1838, 1621775777.0014253], [1653907, 1778553, 14066, 75190, 1838, 1621775778.001472], [1654191, 1778939, 14075, 75258, 1838, 1621775779.0013728], [1654480, 1779331, 14089, 75322, 1838, 1621775780.0014856], [1654768, 1779720, 14099, 75386, 1838, 1621775781.0014422], [1655112, 1780112, 14106, 75416, 1838, 1621775782.0013473], [1655505, 1780512, 14106, 75416, 1838, 1621775783.0012884], [1655802, 1780885, 14116, 75473, 1838, 1621775784.0014594], [1656071, 1781273, 14131, 75544, 1838, 1621775785.0013967], [1656345, 1781662, 14147, 75613, 1838, 1621775786.0014362], [1656620, 1782048, 14155, 75691, 1838, 1621775787.00149], [1656894, 1782434, 14168, 75765, 1838, 1621775788.0013466], [1657256, 1782830, 14172, 75784, 1838, 1621775789.0013075], [1657647, 1783227, 14172, 75784, 1838, 1621775790.0013046], [1657916, 1783608, 14185, 75859, 1838, 1621775791.0014172], [1658190, 1783998, 14200, 75934, 1838, 1621775792.0014684], [1658458, 1784382, 14214, 76010, 1838, 1621775793.001402], [1658731, 1784767, 14234, 76081, 1838, 1621775794.0014372], [1658999, 1785153, 14250, 76154, 1838, 1621775795.0014606], [1659392, 1785551, 14250, 76157, 1838, 1621775796.0013456], [1659757, 1785944, 14254, 76174, 1838, 1621775797.0015168], [1660020, 1786321, 14263, 76256, 1838, 1621775798.0013242], [1660280, 1786691, 14275, 76336, 1838, 1621775799.0014453], [1660543, 1787067, 14290, 76414, 1838, 1621775800.001449], [1660805, 1787443, 14301, 76493, 1838, 1621775801.0014663], [1661100, 1787825, 14308, 76556, 1838, 1621775802.0013034], [1661491, 1788225, 14308, 76556, 1838, 1621775803.0012991], [1661821, 1788612, 14320, 76591, 1838, 1621775804.0014083], [1662070, 1788987, 14337, 76674, 1838, 1621775805.001379], [1662322, 1789356, 14352, 76758, 1838, 1621775806.0013363], [1662579, 1789728, 14367, 76844, 1838, 1621775807.0013614], [1662835, 1790099, 14384, 76926, 1838, 1621775808.0013323], [1663153, 1790480, 14394, 76972, 1838, 1621775809.0013158], [1663548, 1790877, 14394, 76972, 1838, 1621775810.0012994], [1663847, 1791257, 14407, 77028, 1838, 1621775811.0013943], [1664109, 1791630, 14426, 77110, 1838, 1621775812.0014122], [1664365, 1792014, 14443, 77192, 1838, 1621775813.001591], [1664626, 1792388, 14457, 77278, 1838, 1621775814.0011873], [1664883, 1792766, 14474, 77361, 1838, 1621775815.0013804], [1665237, 1793164, 14479, 77387, 1838, 1621775816.001321], [1665633, 1793561, 14479, 77387, 1838, 1621775817.0013688], [1665893, 1793928, 14492, 77468, 1838, 1621775818.0013978], [1666144, 1794300, 14509, 77551, 1838, 1621775819.0014374], [1666398, 1794676, 14531, 77629, 1838, 1621775820.0013783], [1666649, 1795054, 14548, 77711, 1838, 1621775821.001445], [1666902, 1795424, 14567, 77793, 1838, 1621775822.0014725], [1667284, 1795821, 14568, 77799, 1838, 1621775823.0013213], [1667653, 1796215, 14571, 77813, 1838, 1621775824.0014126], [1667909, 1796591, 14586, 77899, 1838, 1621775825.001349], [1668171, 1796970, 14604, 77980, 1838, 1621775826.0015852], [1668432, 1797345, 14624, 78060, 1838, 1621775827.0005405], [1668695, 1797726, 14642, 78142, 1838, 1621775828.0009644], [1668975, 1798109, 14659, 78209, 1838, 1621775829.0006573], [1669370, 1798506, 14659, 78209, 1838, 1621775830.0013204], [1669706, 1798891, 14666, 78244, 1838, 1621775831.0014067], [1669962, 1799262, 14681, 78329, 1838, 