{"page_size": 4096, "ticks_per_sec": 2, "samples": [[1439093, 1538764, 10881, 58458, 1838, 1621775160.0244062], [1439479, 1539152, 10881, 58458, 1838, 1621775161.0013075], [1439869, 1539547, 10881, 58460, 1838, 1621775162.0012975], [1440248, 1539931, 10883, 58468, 1838, 1621775163.0012903], [1440624, 1540313, 10884, 58476, 1838, 1621775164.0013115], [1441000, 1540695, 10885, 58484, 1838, 1621775165.0004551], [1441379, 1541076, 10887, 58493, 1838, 1621775166.0012963], [1441761, 1541462, 10888, 58501, 1838, 1621775167.0013416], [1442156, 1541859, 10888, 58501, 1838, 1621775168.001313], [1442536, 1542246, 10890, 58506, 1838, 1621775169.0013084], [1442902, 1542620, 10892, 58520, 1838, 1621775170.0013092], [1443270, 1542992, 10895, 58533, 1838, 1621775171.0012836], [1443635, 1543364, 10897, 58547, 1838, 1621775172.0014002], [1444002, 1543737, 10900, 58560, 1838, 1621775173.001344], [1444376, 1544120, 10902, 58569, 1838, 1621775174.0013397], [1444768, 1544517, 10902, 58569, 1838, 1621775175.0013454], [1445141, 1544909, 10902, 58584, 1838, 1621775176.0014606], [1445499, 1545303, 10905, 58604, 1838, 1621775177.0013297], [1445856, 1545720, 10907, 58627, 1838, 1621775178.0012681], [1446205, 1546151, 10910, 58648, 1838, 1621775179.0013716], [1446558, 1546583, 10917, 58666, 1838, 1621775180.0013578], [1446938, 1547002, 10919, 58674, 1838, 1621775181.0013192], [1447333, 1547401, 10919, 58674, 1838, 1621775182.0012856], [1447680, 1547848, 10923, 58698, 1838, 1621775183.001325], [1448024, 1548313, 10927, 58726, 1838, 1621775184.0013363], [1448368, 1548785, 10932, 58753, 1838, 1621775185.0013022], [1448714, 1549259, 10942, 58774, 1838, 1621775186.0012918], [1449060, 1549734, 10952, 58796, 1838, 1621775187.0012856], [1449447, 1550140, 10953, 58799, 1838, 1621775188.0013225], [1449834, 1550543, 10953, 58803, 1838, 1621775189.0012832], [1450163, 1551006, 10956, 58841, 1838, 1621775190.0013807], [1450495, 1551479, 10960, 58876, 1838, 1621775191.0012784], [1450829, 1551944, 10971, 58904, 1838, 1621775192.0012782], [1451162, 1552407, 10980, 58932, 1838, 1621775193.00136], [1451503, 1552885, 10990, 58958, 1838, 1621775194.001305], [1451898, 1553283, 10990, 58958, 1838, 1621775195.001334], [1452276, 1553663, 10991, 58968, 1838, 1621775196.0013797], [1452604, 1553996, 10998, 59002, 1838, 1621775197.0015042], [1452930, 1554327, 11004, 59037, 1838, 1621775198.0013685], [1453255, 1554658, 11011, 59073, 1838, 1621775199.0014117], [1453579, 1554986, 11018, 59108, 1838, 1621775200.0005367], [1453925, 1555338, 11022, 59134, 1838, 1621775201.001357], [1454320, 1555738, 11022, 59134, 1838, 1621775202.0013113], [1454668, 1556096, 11026, 59157, 1838, 1621775203.0013578], [1454979, 1556412, 11034, 59199, 1838, 1621775204.0013855], [1455286, 1556729, 11042, 59242, 1838, 1621775205.0013971], [1455601, 1557048, 11050, 59283, 1838, 1621775206.0013342], [1455916, 1557370, 11057, 59325, 1838, 1621775207.0014296], [1456271, 1557726, 11061, 59345, 1838, 1621775208.0013335], [1456666, 1558125, 11061, 59345, 1838, 1621775209.001313], [1456985, 1558455, 11068, 59384, 1838, 1621775210.0014496], [1457289, 1558767, 11077, 59432, 1838, 1621775211.0014024], [1457592, 1559078, 11087, 59479, 1838, 1621775212.001394], [1457892, 1559391, 11096, 59527, 1838, 1621775213.0012934], [1458197, 1559709, 11105, 59576, 1838, 1621775214.0014048], [1458567, 1560090, 11107, 59588, 1838, 1621775215.0013337], [1458963, 1560490, 11107, 59588, 1838, 1621775216.0013242], [1459256, 1560816, 11115, 59644, 1838, 1621775217.0014005], [1459549, 1561147, 11126, 59699, 1838, 1621775218.001442], [1459840, 1561484, 11135, 59756, 1838, 1621775219.001429], [1460132, 1561828, 11146, 59812, 1838, 1621775220.001415], [1460432, 1562171, 11156, 59866, 1838, 1621775221.0013928], [1460824, 1562570, 11156, 59868, 1838, 1621775222.001345], [1461192, 1562956, 11159, 59881, 1838, 1621775223.001633], [1461475, 1563313, 11168, 59942, 1838, 1621775224.0015116], [1461764, 1563682, 11180, 60000, 1838, 1621775225.001341], [1462060, 1564048, 11189, 60059, 1838, 1621775226.001366], [1462357, 1564424, 11201, 60115, 1838, 1621775227.001332], [1462677, 1564811, 11212, 60156, 1838, 1621775228.0012991], [1463071, 1565209, 11212, 60156, 1838, 1621775229.00131], [1463409, 1565605, 11219, 60186, 1838, 1621775230.001416], [1463695, 1566000, 11233, 60247, 1838, 1621775231.0014722], [1463986, 1566388, 11243, 60311, 1838, 1621775232.0013702], [1464276, 1566777, 11256, 60372, 1838, 1621775233.0014265], [1464566, 1567166, 11269, 60434, 1838, 1621775234.0013723], [1464900, 1567563, 11274, 60472, 1838, 1621775235.0013614], [1465297, 1567961, 11274, 60472, 1838, 1621775236.0013266], [1465605, 1568347, 11283, 60520, 1838, 1621775237.000444], [1465888, 1568736, 11293, 60589, 1838, 1621775238.001383], [1466154, 1569142, 11303, 60661, 1838, 1621775239.0013635], [1466430, 1569533, 11312, 60734, 1838, 1621775240.0014358], [1466709, 1569925, 11328, 60798, 1838, 1621775241.0012937], [1467068, 1570323, 11334, 60817, 1838, 1621775242.0013683], [1467463, 1570724, 11335, 60817, 1838, 1621775243.001435], [1467740, 1571106, 11345, 60888, 1838, 1621775244.001433], [1468011, 1571497, 11360, 60960, 1838, 1621775245.0014515], [1468287, 1571879, 11375, 61031, 1838, 1621775246.0015042], [1468562, 1572267, 11388, 61105, 1838, 1621775247.0014572], [1468836, 1572652, 11404, 61175, 1838, 1621775248.0014222], [1469219, 1573051, 11406, 61181, 1838, 1621775249.0013356], [1469586, 1573438, 11410, 61193, 1838, 1621775250.0014124], [1469852, 1573823, 11427, 61268, 1838, 1621775251.0014555], [1470117, 1574205, 11442, 61347, 1838, 1621775252.0014317], [1470383, 1574580, 11457, 61425, 1838, 1621775253.0013704], [1470650, 1574957, 11469, 61506, 1838, 1621775254.001415], [1470936, 1575340, 11482, 61571, 1838, 1621775255.001424], [1471334, 1575741, 11482, 61571, 1838, 1621775256.0013247], [1471672, 1576124, 11487, 61605, 1838, 1621775257.0013657], [1471928, 1576500, 11501, 61686, 1838, 1621775258.0014067], [1472177, 1576873, 11514, 61769, 1838, 1621775259.001391], [1472429, 1577245, 11535, 61845, 1838, 1621775260.001451], [1472686, 1577618, 11548, 61927, 1838, 1621775261.0014381], [1472997, 1578002, 11560, 61973, 1838, 1621775262.001293], [1473392, 1578403, 11560, 61973, 1838, 1621775263.0013504], [1473694, 1578777, 11572, 62023, 1838, 1621775264.0014107], [1473945, 1579147, 11586, 62109, 1838, 1621775265.0014188], [1474197, 1579507, 11603, 62192, 1838, 1621775266.0014079], [1474449, 1579870, 11618, 62277, 1838, 1621775267.0014338], [1474702, 1580242, 11634, 62360, 1838, 1621775268.0013456], [1475039, 1580630, 11641, 62390, 1838, 1621775269.0013309], [1475433, 1581027, 11641, 62390, 1838, 1621775270.0013015], [1475708, 1581401, 11655, 62463, 1838, 1621775271.0014307], [1475966, 1581777, 11674, 62544, 1838, 1621775272.0014138], [1476225, 1582150, 11690, 62628, 1838, 1621775273.001436], [1476483, 1582529, 11709, 62708, 1838, 1621775274.0013657], [1476741, 1582909, 11723, 62795, 1838, 1621775275.0013685], [1477119, 1583305, 11726, 62806, 1838, 1621775276.0013103], [1477498, 1583703, 11728, 62816, 1838, 1621775277.001521], [1477754, 1584074, 11748, 62896, 1838, 1621775278.001459], [1478008, 1584452, 11769, 62975, 1838, 1621775279.0013921], [1478267, 1584831, 11788, 63056, 1838, 1621775280.0014997], [1478523, 1585202, 11803, 63141, 1838, 1621775281.001454], [1478791, 1585576, 11819, 63215, 1838, 1621775282.0013413], [1479187, 1585974, 11819, 63215, 1838, 1621775283.0013165], [1479530, 1586361, 11822, 63248, 1838, 1621775284.0014079], [1479777, 1586730, 11837, 63333, 1838, 1621775285.0014403], [1480031, 1587092, 11852, 63417, 1838, 1621775286.0014238], [1480283, 1587459, 11869, 63500, 1838, 1621775287.001411], [1480535, 1587830, 11883, 63586, 1838, 1621775288.0013523], [1480832, 1588209, 11893, 63642, 1838, 1621775289.0012958], [1481225, 1588605, 11893, 63642, 1838, 1621775290.0013134], [1481537, 1588984, 11901, 63694, 1838, 1621775291.0014894], [1481795, 1589359, 11919, 63777, 1838, 1621775292.0014856], 