{"page_size": 4096, "ticks_per_sec": 2, "samples": [[1544854, 1655786, 12301, 65745, 1838, 1621775460.0358877], [1545235, 1656170, 12301, 65745, 1838, 1621775461.0012739], [1545630, 1656569, 12301, 65745, 1838, 1621775462.0013049], [1546020, 1656962, 12301, 65748, 1838, 1621775463.0013337], [1546397, 1657345, 12302, 65756, 1838, 1621775464.0013466], [1546776, 1657728, 12304, 65763, 1838, 1621775465.001384], [1547155, 1658111, 12306, 65771, 1838, 1621775466.001437], [1547532, 1658493, 12308, 65779, 1838, 1621775467.0014], [1547915, 1658883, 12310, 65784, 1838, 1621775468.0013099], [1548309, 1659280, 12310, 65784, 1838, 1621775469.0013163], [1548686, 1659660, 12311, 65792, 1838, 1621775470.0014086], [1549054, 1660033, 12314, 65806, 1838, 1621775471.001345], [1549421, 1660405, 12317, 65819, 1838, 1621775472.0005257], [1549788, 1660777, 12319, 65834, 1838, 1621775473.0013776], [1550150, 1661150, 12323, 65848, 1838, 1621775474.001366], [1550526, 1661532, 12324, 65856, 1838, 1621775475.0013402], [1550921, 1661931, 12324, 65856, 1838, 1621775476.0013428], [1551289, 1662303, 12327, 65870, 1838, 1621775477.0013943], [1551646, 1662664, 12330, 65890, 1838, 1621775478.0013957], [1552000, 1663025, 12334, 65909, 1838, 1621775479.0013824], [1552356, 1663386, 12338, 65929, 1838, 1621775480.001312], [1552714, 1663749, 12342, 65948, 1838, 1621775481.0013022], [1553096, 1664135, 12343, 65955, 1838, 1621775482.001312], [1553489, 1664534, 12343, 65955, 1838, 1621775483.000471], [1553833, 1664888, 12349, 65979, 1838, 1621775484.0012913], [1554178, 1665237, 12354, 66004, 1838, 1621775485.0012903], [1554525, 1665588, 12359, 66029, 1838, 1621775486.0013022], [1554873, 1665941, 12364, 66053, 1838, 1621775487.0012832], [1555218, 1666292, 12369, 66079, 1838, 1621775488.001275], [1555605, 1666687, 12369, 66082, 1838, 1621775489.0013344], [1555984, 1667075, 12370, 66087, 1838, 1621775490.0012748], [1556317, 1667445, 12377, 66120, 1838, 1621775491.0013058], [1556653, 1667804, 12384, 66152, 1838, 1621775492.0012844], [1556982, 1668173, 12392, 66182, 1838, 1621775493.0012796], [1557315, 1668539, 12399, 66215, 1838, 1621775494.0013149], [1557657, 1668918, 12405, 66243, 1838, 1621775495.001338], [1558054, 1669317, 12405, 66243, 1838, 1621775496.0013666], [1558422, 1669708, 12408, 66256, 1838, 1621775497.0013034], [1558747, 1670104, 12414, 66293, 1838, 1621775498.0013034], [1559069, 1670502, 12419, 66332, 1838, 1621775499.00129], [1559393, 1670906, 12426, 66370, 1838, 1621775500.001358], [1559719, 1671311, 12432, 66408, 1838, 1621775501.0012765], [1560072, 1671716, 12437, 66431, 1838, 1621775502.0013466], [1560460, 1672113, 12437, 66431, 1838, 1621775503.001356], [1560807, 1672520, 12441, 66456, 1838, 1621775504.00131], [1561116, 1672938, 12444, 66505, 1838, 1621775505.001322], [1561434, 1673350, 12452, 66546, 1838, 1621775506.001342], [1561745, 1673772, 12459, 66592, 1838, 1621775507.0017786], [1562053, 1674184, 12469, 66635, 1838, 1621775508.001369], [1562407, 1674600, 12472, 66657, 1838, 1621775509.0013855], [1562800, 1674996, 12472, 66657, 1838, 1621775510.0013263], [1563118, 1675407, 12480, 66696, 1838, 1621775511.001289], [1563423, 1675820, 12488, 66746, 1838, 1621775512.0012763], [1563719, 1676238, 12492, 66799, 1838, 1621775513.001354], [1564024, 1676659, 12501, 66847, 1838, 1621775514.001278], [1564329, 1677082, 12507, 66897, 1838, 1621775515.0012784], [1564707, 1677486, 12509, 66908, 1838, 1621775516.00135], [1565099, 1677888, 12511, 66909, 1838, 1621775517.0004838], [1565392, 1678293, 12518, 66964, 1838, 1621775518.001289], [1565684, 1678699, 12526, 67020, 1838, 1621775519.0009325], [1565972, 1679118, 12534, 67077, 1838, 1621775520.0012975], [1566269, 1679533, 12548, 67126, 1838, 1621775521.0012774], [1566566, 1679944, 12558, 67179, 1838, 1621775522.0013227], [1566956, 1680342, 12558, 67180, 1838, 1621775523.0013428], [1567321, 1680738, 12561, 67198, 1838, 1621775524.0013297], [1567613, 1681149, 12575, 67252, 1838, 1621775525.001363], [1567915, 1681560, 12584, 67311, 1838, 1621775526.0013285], [1568217, 1681975, 12599, 67364, 1838, 1621775527.0013332], [1568520, 1682388, 12607, 67423, 1838, 1621775528.0013316], [1568844, 1682800, 12612, 67468, 1838, 1621775529.0013466], [1569238, 1683195, 12612, 67468, 1838, 1621775530.0013342], [1569575, 1683593, 12621, 67498, 1838, 1621775531.0013123], [1569873, 1683999, 12630, 67559, 1838, 1621775532.0013728], [1570163, 1684415, 12643, 67616, 1838, 1621775533.0013185], [1570457, 1684824, 12652, 67678, 1838, 1621775534.0013607], [1570752, 1685238, 12666, 67736, 1838, 1621775535.0012963], [1571101, 1685643, 12670, 67768, 1838, 1621775536.0012915], [1571497, 1686041, 12670, 67768, 1838, 1621775537.0013247], [1571802, 1686435, 12679, 67820, 1838, 1621775538.0013127], [1572074, 1686837, 12692, 67888, 1838, 1621775539.0012937], [1572350, 1687238, 12705, 67957, 1838, 1621775540.0013826], [1572629, 1687638, 12719, 68024, 1838, 1621775541.001377], [1572909, 1688032, 12729, 68096, 1838, 1621775542.001366], [1573267, 1688431, 12735, 68113, 1838, 1621775543.0013216], [1573662, 1688829, 12735, 68114, 1838, 1621775544.0013099], [1573932, 1689216, 12749, 68187, 1838, 1621775545.0013468], [1574203, 1689602, 12760, 68266, 1838, 1621775546.0014167], [1574473, 1689989, 12776, 68338, 1838, 1621775547.0013597], [1574741, 1690378, 12793, 68412, 1838, 1621775548.001353], [1575006, 1690769, 12808, 68488, 1838, 1621775549.001327], [1575388, 1691161, 12809, 68490, 1838, 1621775550.0013099], [1575753, 1691551, 12811, 68508, 1838, 1621775551.0013301], [1576018, 1691935, 12822, 68592, 1838, 1621775552.0014036], [1576279, 1692319, 12834, 68676, 1838, 1621775553.0013824], [1576543, 1692704, 12847, 68757, 1838, 1621775554.0013344], [1576807, 1693083, 12867, 68832, 1838, 1621775555.001337], [1577100, 1693469, 12881, 68893, 1838, 1621775556.0013342], [1577497, 1693868, 12881, 68893, 1838, 1621775557.0013468], [1577829, 1694254, 12887, 68930, 1838, 1621775558.0013561], [1578080, 1694621, 12906, 69007, 1838, 1621775559.0013826], [1578331, 1694993, 12924, 69086, 1838, 1621775560.001456], [1578584, 1695361, 12942, 69162, 1838, 1621775561.0014143], [1578841, 1695730, 12955, 69244, 1838, 1621775562.001579], [1579148, 1696112, 12968, 69286, 1838, 1621775563.001295], [1579543, 1696510, 12968, 69286, 1838, 1621775564.0013058], [1579840, 1696890, 12977, 69344, 1838, 1621775565.0013993], [1580100, 1697263, 12991, 69430, 1838, 1621775566.0013502], [1580359, 1697637, 13004, 69517, 1838, 1621775567.0013485], [1580618, 1698008, 13021, 69599, 1838, 1621775568.0013099], [1580872, 1698386, 13042, 69679, 1838, 1621775569.001327], [1581221, 1698775, 13047, 69708, 1838, 1621775570.0013623], [1581617, 1699173, 13047, 69708, 1838, 1621775571.001342], [1581884, 1699541, 13060, 69787, 1838, 1621775572.0013776], [1582134, 1699913, 13075, 69871, 1838, 1621775573.0007467], [1582391, 1700284, 13088, 69959, 1838, 1621775574.0013866], [1582646, 1700659, 13107, 70040, 1838, 1621775575.0013738], [1582904, 1701035, 13124, 70122, 1838, 1621775576.0015485], [1583286, 1701433, 13126, 70131, 1838, 1621775577.001357], [1583660, 1701831, 13127, 70145, 1838, 1621775578.001408], [1583912, 1702206, 13141, 70230, 1838, 1621775579.001486], [1584170, 1702583, 13158, 70313, 1838, 1621775580.001409], [1584424, 1702959, 13174, 70397, 1838, 1621775581.0013766], [1584681, 1703336, 13191, 70480, 1838, 1621775582.0013683], [1584954, 1703713, 13202, 70555, 1838, 1621775583.001369], [1585350, 1704111, 13202, 70555, 1838, 1621775584.001392], [1585687, 1704499, 13210, 70586, 1838, 1621775585.001377], [1585944, 1704869, 13228, 70667, 1838, 1621775586.001415], [1586199, 1705238, 13248, 70748, 1838, 1621775587.0013916], [1586454, 1705608, 13272, 70823, 1838, 1621775588.0014408], [1586707, 1705979, 13286, 70909, 1838, 1621775589.0013077], [1587015, 1706359, 13297, 70961, 1838, 1621775590.0013075], [1587412, 1706759, 13297, 70961, 1838, 1621775591.001385], [1587724, 1707141, 13304, 71016, 1838, 1621775592.0013504], [1587981, 