{"page_size": 4096, "ticks_per_sec": 2, "samples": [[2010676, 2160870, 18660, 99927, 1838, 1621776780.0158827], [2011064, 2161265, 18660, 99927, 1838, 1621776781.0013096], [2011460, 2161664, 18660, 99927, 1838, 1621776782.0013056], [2011842, 2162051, 18661, 99934, 1838, 1621776783.0012736], [2012222, 2162434, 18663, 99942, 1838, 1621776784.0012803], [2012600, 2162818, 18665, 99951, 1838, 1621776785.0012634], [2012976, 2163201, 18667, 99959, 1838, 1621776786.0004792], [2013354, 2163587, 18668, 99968, 1838, 1621776787.0012987], [2013745, 2163982, 18669, 99970, 1838, 1621776788.0012746], [2014138, 2164379, 18669, 99971, 1838, 1621776789.0012743], [2014502, 2164747, 18672, 99986, 1838, 1621776790.0012782], [2014867, 2165117, 18675, 100002, 1838, 1621776791.0012841], [2015235, 2165488, 18678, 100016, 1838, 1621776792.001276], [2015600, 2165858, 18682, 100032, 1838, 1621776793.00132], [2015965, 2166230, 18685, 100047, 1838, 1621776794.00129], [2016356, 2166627, 18685, 100049, 1838, 1621776795.0013435], [2016741, 2167019, 18687, 100053, 1838, 1621776796.0012846], [2017097, 2167380, 18690, 100075, 1838, 1621776797.0012853], [2017450, 2167746, 18695, 100097, 1838, 1621776798.0012977], [2017799, 2168116, 18698, 100119, 1838, 1621776799.0012734], [2018152, 2168484, 18702, 100142, 1838, 1621776800.0012226], [2018515, 2168855, 18706, 100161, 1838, 1621776801.0013154], [2018912, 2169255, 18706, 100161, 1838, 1621776802.0013351], [2019287, 2169652, 18706, 100175, 1838, 1621776803.0012815], [2019634, 2170063, 18715, 100201, 1838, 1621776804.0012722], [2019981, 2170492, 18719, 100230, 1838, 1621776805.001263], [2020325, 2170939, 18728, 100254, 1838, 1621776806.001287], [2020672, 2171387, 18735, 100281, 1838, 1621776807.001291], [2021037, 2171824, 18738, 100298, 1838, 1621776808.0012815], [2021429, 2172223, 18738, 100299, 1838, 1621776809.0013413], [2021781, 2172696, 18738, 100326, 1838, 1621776810.0012836], [2022116, 2173229, 18745, 100361, 1838, 1621776811.0012875], [2022450, 2173772, 18747, 100403, 1838, 1621776812.0012631], [2022784, 2174310, 18748, 100444, 1838, 1621776813.001266], [2023120, 2174864, 18749, 100486, 1838, 1621776814.0012748], [2023494, 2175317, 18752, 100500, 1838, 1621776815.0013275], [2023887, 2175715, 18752, 100500, 1838, 1621776816.0013258], [2024219, 2176229, 18761, 100534, 1838, 1621776817.00126], [2024541, 2176768, 18763, 100581, 1838, 1621776818.0013528], [2024857, 2177302, 18763, 100633, 1838, 1621776819.001298], [2025175, 2177834, 18766, 100682, 1838, 1621776820.0013328], [2025499, 2178371, 18781, 100718, 1838, 1621776821.0013435], [2025884, 2178787, 18783, 100723, 1838, 1621776822.0013278], [2026270, 2179195, 18785, 100727, 1838, 1621776823.0012712], [2026582, 2179722, 18810, 100762, 1838, 1621776824.0013716], [2026890, 2180266, 18819, 100813, 1838, 1621776825.001279], [2027201, 2180717, 18826, 100862, 1838, 1621776826.0013192], [2027512, 2181041, 18835, 100911, 1838, 1621776827.0013604], [2027831, 2181368, 18844, 100956, 1838, 1621776828.0012774], [2028225, 2181766, 18844, 100956, 1838, 1621776829.0013084], [2028589, 2182133, 18847, 100974, 1838, 1621776830.0013664], [2028892, 2182440, 18857, 101029, 1838, 1621776831.0014272], [2029196, 2182751, 18867, 101084, 1838, 1621776832.0015402], [2029499, 2183062, 18878, 101140, 1838, 1621776833.0013652], [2029803, 2183368, 18888, 101195, 1838, 1621776834.0013847], [2030135, 2183702, 18895, 101233, 1838, 1621776835.0013218], [2030528, 2184101, 18895, 101233, 1838, 1621776836.0012834], [2030862, 2184441, 18901, 101268, 1838, 1621776837.0014145], [2031151, 2184738, 18914, 101329, 1838, 1621776838.0014827], [2031440, 2185032, 18926, 101391, 1838, 1621776839.0016456], [2031727, 2185323, 18938, 101455, 1838, 1621776840.0013819], [2032017, 2185620, 18949, 101517, 1838, 1621776841.0014052], [2032368, 2185975, 18954, 101544, 1838, 1621776842.0013385], [2032764, 2186374, 18954, 101544, 1838, 1621776843.0015], [2033069, 2186686, 18965, 101601, 1838, 1621776844.0013633], [2033351, 2186978, 18979, 101670, 1838, 1621776845.0014405], [2033634, 2187277, 18991, 101738, 1838, 1621776846.0014682], [2033926, 2187579, 19004, 101803, 1838, 1621776847.0014565], [2034218, 2187878, 19016, 101869, 1838, 1621776848.0013506], [2034589, 2188254, 19019, 101884, 1838, 1621776849.0013056], [2034979, 2188647, 19019, 101887, 1838, 1621776850.0015135], [2035250, 2188938, 19032, 101962, 1838, 1621776851.0017436], [2035528, 2189235, 19046, 102035, 1838, 1621776852.001444], [2035809, 2189537, 19058, 102107, 1838, 1621776853.001369], [2036095, 2189844, 19070, 102178, 1838, 1621776854.001538], [2036383, 2190147, 19083, 102246, 1838, 1621776855.001279], [2036774, 2190544, 19083, 102246, 1838, 1621776856.0013103], [2037132, 2190915, 19087, 102269, 1838, 1621776857.001398], [2037403, 2191221, 19102, 102347, 1838, 1621776858.001442], [2037677, 2191530, 19116, 102422, 1838, 1621776859.0014], [2037955, 2191831, 19131, 102498, 1838, 1621776860.001394], [2038234, 2192134, 19146, 102573, 1838, 1621776861.0014477], [2038543, 2192467, 19156, 102629, 1838, 1621776862.0013309], [2038939, 2192868, 19156, 102629, 1838, 1621776863.0012999], [2039262, 2193220, 19167, 102673, 1838, 1621776864.0014362], [2039531, 2193538, 19183, 102756, 1838, 1621776865.0014544], [2039798, 2193862, 19200, 102835, 1838, 1621776866.0014496], [2040071, 2194177, 19215, 102917, 1838, 1621776867.001486], [2040341, 2194500, 19230, 102999, 1838, 1621776868.0015035], [2040673, 2194861, 19240, 103036, 1838, 1621776869.001305], [2041065, 2195255, 19240, 103037, 1838, 1621776870.001315], [2041354, 2195610, 19257, 103103, 1838, 1621776871.001464], [2041622, 2195952, 19274, 103190, 1838, 1621776872.0014868], [2041890, 2196292, 19293, 103274, 1838, 1621776873.0013702], [2042158, 2196644, 19305, 103366, 1838, 1621776874.0014231], [2042426, 2196996, 19325, 103451, 1838, 1621776875.0014307], [2042783, 2197381, 19329, 103474, 1838, 1621776876.0013142], [2043177, 2197781, 19330, 103474, 1838, 1621776877.0013986], [2043422, 2198137, 19345, 103572, 1838, 1621776878.001493], [2043673, 2198510, 19362, 103667, 1838, 1621776879.0015285], [2043924, 2198892, 19379, 103763, 1838, 1621776880.0014856], [2044181, 2199272, 19397, 103855, 1838, 1621776881.0014093], [2044437, 2199649, 19420, 103941, 1838, 1621776882.0012774], [2044826, 2200047, 19422, 103944, 1838, 1621776883.0014577], [2045183, 2200443, 19427, 103967, 1838, 1621776884.0013356], [2045418, 2200843, 19442, 104071, 1838, 1621776885.0013058], [2045654, 2201255, 19464, 104168, 1838, 1621776886.0012562], [2045893, 2201664, 19481, 104270, 1838, 1621776887.00062], [2046136, 2202069, 19505, 104364, 1838, 1621776888.0012755], [2046404, 2202462, 19519, 104445, 1838, 1621776889.0012796], [2046798, 2202858, 19519, 104445, 1838, 1621776890.0013003], [2047118, 2203254, 19529, 104494, 1838, 1621776891.0012765], [2047352, 2203644, 19547, 104604, 1838, 1621776892.001259], [2047584, 2204054, 19565, 104714, 1838, 1621776893.0013971], [2047819, 2204449, 19584, 104825, 1838, 1621776894.0014012], [2048055, 2204851, 19605, 104928, 1838, 1621776895.0014048], [2048356, 2205247, 19613, 104991, 1838, 1621776896.0013263], [2048752, 2205645, 19613, 104992, 1838, 1621776897.0013058], [2049026, 2206038, 19627, 105073, 1838, 1621776898.001385], [2049242, 2206439, 19646, 105192, 1838, 1621776899.0014863], [2049460, 2206836, 19663, 105317, 1838, 1621776900.001441], [2049683, 2207232, 19682, 105434, 1838, 1621776901.0012872], [2049904, 2207638, 19702, 105551, 1838, 1621776902.0012767], [2050242, 2208044, 19708, 105589, 1838, 1621776903.0013072], [2050639, 2208442, 19708, 105590, 1838, 1621776904.0012944], [2050864, 2208840, 19724, 105702, 1838, 1621776905.0012856], [2051071, 2209243, 19741, 105825, 1838, 1621776906.001282], [2051281, 2209640, 19762, 105946, 1838, 1621776907.001392], [2051493, 2210045, 19787, 106061, 1838, 1621776908.0011663], [2051703, 2210450, 19805, 106184, 1838, 1621776909.0014172], [2052080, 2210845, 19807, 106195, 1838, 1621776910.0013285], 