{"page_size": 4096, "ticks_per_sec": 2, "samples": [[1804071, 1937376, 15054, 80328, 1838, 1621776180.023881], [1804455, 1937769, 15054, 80328, 1838, 1621776181.0013103], [1804851, 1938167, 15054, 80328, 1838, 1621776182.0013978], [1805240, 1938561, 15055, 80331, 1838, 1621776183.001317], [1805617, 1938942, 15056, 80340, 1838, 1621776184.001304], [1805995, 1939325, 15058, 80348, 1838, 1621776185.0012803], [1806373, 1939709, 15060, 80357, 1838, 1621776186.00131], [1806751, 1940090, 15062, 80367, 1838, 1621776187.0013077], [1807134, 1940474, 15063, 80373, 1838, 1621776188.0012982], [1807527, 1940874, 15063, 80373, 1838, 1621776189.00133], [1807906, 1941256, 15064, 80381, 1838, 1621776190.001288], [1808270, 1941629, 15067, 80397, 1838, 1621776191.0012915], [1808639, 1942001, 15070, 80412, 1838, 1621776192.0012684], [1809002, 1942369, 15073, 80429, 1838, 1621776193.001302], [1809364, 1942741, 15077, 80445, 1838, 1621776194.0013337], [1809740, 1943124, 15078, 80453, 1838, 1621776195.001293], [1810137, 1943522, 15078, 80454, 1838, 1621776196.0012925], [1810502, 1943890, 15081, 80470, 1838, 1621776197.0012681], [1810857, 1944249, 15086, 80492, 1838, 1621776198.0012748], [1811208, 1944605, 15090, 80515, 1838, 1621776199.0012822], [1811563, 1944965, 15094, 80538, 1838, 1621776200.0012686], [1811916, 1945325, 15098, 80561, 1838, 1621776201.001329], [1812301, 1945713, 15099, 80568, 1838, 1621776202.0012727], [1812696, 1946111, 15099, 80568, 1838, 1621776203.0012832], [1813040, 1946463, 15105, 80596, 1838, 1621776204.0012708], [1813384, 1946811, 15110, 80624, 1838, 1621776205.0013506], [1813731, 1947164, 15115, 80653, 1838, 1621776206.001291], [1814078, 1947516, 15121, 80681, 1838, 1621776207.0012796], [1814422, 1947864, 15126, 80711, 1838, 1621776208.0012822], [1814812, 1948258, 15127, 80713, 1838, 1621776209.001349], [1815192, 1948640, 15128, 80720, 1838, 1621776210.00131], [1815522, 1948981, 15134, 80756, 1838, 1621776211.0013838], [1815859, 1949319, 15141, 80791, 1838, 1621776212.0013351], [1816193, 1949659, 15148, 80826, 1838, 1621776213.0013309], [1816527, 1949998, 15155, 80862, 1838, 1621776214.0013454], [1816871, 1950351, 15160, 80892, 1838, 1621776215.00135], [1817268, 1950749, 15160, 80892, 1838, 1621776216.0013716], [1817634, 1951118, 15164, 80910, 1838, 1621776217.0014005], [1817958, 1951445, 15172, 80953, 1838, 1621776218.0013256], [1818279, 1951771, 15180, 80996, 1838, 1621776219.0013359], [1818598, 1952093, 15189, 81040, 1838, 1621776220.001343], [1818921, 1952426, 15197, 81082, 1838, 1621776221.0013425], [1819277, 1952783, 15201, 81107, 1838, 1621776222.0013623], [1819673, 1953181, 15201, 81107, 1838, 1621776223.0013196], [1820009, 1953525, 15208, 81140, 1838, 1621776224.0014384], [1820313, 1953836, 15218, 81190, 1838, 1621776225.0013807], [1820626, 1954152, 15227, 81240, 1838, 1621776226.0014253], [1820939, 1954471, 15236, 81289, 1838, 1621776227.001344], [1821250, 1954787, 15246, 81338, 1838, 1621776228.001547], [1821612, 1955156, 15249, 81356, 1838, 1621776229.0013363], [1822005, 1955551, 15249, 81356, 1838, 1621776230.0013318], [1822316, 1955866, 15258, 81405, 1838, 1621776231.0013797], [1822619, 1956174, 15268, 81460, 1838, 1621776232.001399], [1822920, 1956478, 15279, 81514, 1838, 1621776233.0014226], [1823219, 1956786, 15289, 81569, 1838, 1621776234.0013552], [1823516, 1957093, 15300, 81623, 1838, 1621776235.0013876], [1823899, 1957481, 15301, 81631, 1838, 1621776236.0013306], [1824283, 1957870, 15303, 81638, 1838, 1621776237.0013547], [1824574, 1958169, 15315, 81699, 1838, 1621776238.0013752], [1824862, 1958463, 15326, 81761, 1838, 1621776239.0014029], [1825150, 1958755, 15338, 81824, 1838, 1621776240.0013635], [1825439, 1959054, 15349, 81885, 1838, 1621776241.0013144], [1825745, 1959362, 15359, 81939, 1838, 1621776242.0013351], [1826142, 1959762, 15359, 81939, 1838, 1621776243.0013838], [1826493, 1960119, 15364, 81965, 1838, 1621776244.0014107], [1826773, 1960410, 15377, 82033, 1838, 1621776245.0014756], [1827057, 1960699, 15390, 82100, 1838, 1621776246.00148], [1827340, 1960987, 15402, 82169, 1838, 1621776247.001424], [1827625, 1961281, 15415, 82236, 1838, 1621776248.0013654], [1827948, 1961608, 15423, 82280, 1838, 1621776249.001309], [1828343, 1962004, 15423, 82280, 1838, 1621776250.0013177], [1828660, 1962332, 15431, 82328, 1838, 1621776251.0013802], [1828932, 1962617, 15445, 82403, 1838, 1621776252.0014794], [1829204, 1962899, 15459, 82478, 1838, 1621776253.0014899], [1829475, 1963184, 15473, 82551, 1838, 1621776254.0013978], [1829753, 1963477, 15487, 82622, 1838, 1621776255.0013878], [1830107, 1963837, 15493, 82649, 1838, 1621776256.00121], [1830501, 1964235, 15493, 82649, 1838, 1621776257.001279], [1830778, 1964528, 15507, 82721, 1838, 1621776258.0014017], [1831041, 1964808, 15523, 82801, 1838, 1621776259.0014992], [1831316, 1965094, 15538, 82878, 1838, 1621776260.0013885], [1831595, 1965384, 15553, 82953, 1838, 1621776261.0013928], [1831877, 1965672, 15567, 83029, 1838, 1621776262.0015173], [1832256, 1966056, 15569, 83040, 1838, 1621776263.0013006], [1832633, 1966440, 15571, 83050, 1838, 1621776264.001482], [1832886, 1966709, 15588, 83137, 1838, 1621776265.0014837], [1833152, 1966988, 15604, 83220, 1838, 1621776266.001341], [1833423, 1967269, 15620, 83301, 1838, 1621776267.001426], [1833692, 1967551, 15635, 83382, 1838, 1621776268.001332], [1833970, 1967850, 15650, 83456, 1838, 1621776269.0013633], [1834361, 1968243, 15650, 83456, 1838, 1621776270.0013041], [1834703, 1968595, 15657, 83488, 1838, 1621776271.0013964], [1834967, 1968876, 15674, 83576, 1838, 1621776272.0014172], [1835232, 1969159, 15692, 83662, 1838, 1621776273.0014749], [1835495, 1969439, 15711, 83749, 1838, 1621776274.0013814], [1835758, 1969722, 15726, 83838, 1838, 1621776275.0014124], [1836067, 1970043, 15737, 83896, 1838, 1621776276.0012832], [1836464, 1970442, 15737, 83896, 1838, 1621776277.001389], [1836768, 1970762, 15747, 83954, 1838, 1621776278.0014544], [1837008, 1971036, 15764, 84049, 1838, 1621776279.0014677], [1837256, 1971308, 15781, 84145, 1838, 1621776280.0014954], [1837505, 1971579, 15798, 84240, 1838, 1621776281.001438], [1837757, 1971851, 15816, 84332, 1838, 1621776282.001401], [1838089, 1972191, 15823, 84373, 1838, 1621776283.0013268], [1838485, 1972588, 15823, 84373, 1838, 1621776284.0013094], [1838741, 1972872, 15838, 84459, 1838, 1621776285.001502], [1838987, 1973147, 15859, 84557, 1838, 1621776286.0013976], [1839233, 1973418, 15876, 84658, 1838, 1621776287.0013657], [1839476, 1973684, 15895, 84759, 1838, 1621776288.00145], [1839720, 1973962, 15912, 84861, 1838, 1621776289.0013893], [1840082, 1974328, 15915, 84882, 1838, 1621776290.0013118], [1840469, 1974722, 15916, 84888, 1838, 1621776291.0014725], [1840705, 1974999, 15935, 84998, 1838, 1621776292.0014725], [1840943, 1975297, 15954, 85104, 1838, 1621776293.0013707], [1841181, 1975609, 15971, 85213, 1838, 1621776294.001383], [1841415, 1975947, 15987, 85323, 1838, 1621776295.0013096], [1841659, 1976311, 16001, 85430, 1838, 1621776296.0012698], [1842056, 1976711, 16001, 85430, 1838, 1621776297.001324], [1842398, 1977106, 16006, 85467, 1838, 1621776298.0014188], [1842619, 1977529, 16019, 85588, 1838, 1621776299.00148], [1842845, 1977959, 16031, 85711, 1838, 1621776300.0012875], [1843073, 1978411, 16043, 85832, 1838, 1621776301.0014098], [1843302, 1978842, 16062, 85947, 1838, 1621776302.0014932], [1843580, 1979266, 16074, 86030, 1838, 1621776303.0013356], [1843977, 1979665, 16074, 86030, 1838, 1621776304.0013344], [1844268, 1980062, 16088, 86094, 1838, 1621776305.001391], [1844486, 1980479, 16111, 86212, 1838, 1621776306.0016904], [1844702, 1980891, 16141, 86323, 1838, 1621776307.0014203], [1844916, 1981305, 16170, 86438, 1838, 1621776308.001469], [1845131, 1981725, 16204, 86548, 1838, 1621776309.0013897], [1845440, 1982128, 16217, 86604, 1838, 1621776310.0013127], [1845836, 1982527, 16217, 86604, 1838, 1621776311.0013015], [1846082, 1982931, 16235, 86703, 1838, 1621776312.001333], [1846287, 