{"page_size": 4096, "ticks_per_sec": 2, "samples": [[1931012, 2073681, 16867, 90132, 1838, 1621776540.0125403], [1931403, 2074076, 16867, 90132, 1838, 1621776541.001329], [1931799, 2074476, 16867, 90132, 1838, 1621776542.0013251], [1932187, 2074869, 16868, 90136, 1838, 1621776543.0012748], [1932567, 2075252, 16869, 90144, 1838, 1621776544.001292], [1932943, 2075635, 16871, 90153, 1838, 1621776545.0006764], [1933322, 2076021, 16873, 90161, 1838, 1621776546.0012813], [1933700, 2076403, 16875, 90169, 1838, 1621776547.0012767], [1934085, 2076790, 16876, 90175, 1838, 1621776548.001297], [1934475, 2077186, 16876, 90175, 1838, 1621776549.0012882], [1934851, 2077564, 16878, 90185, 1838, 1621776550.0014067], [1935218, 2077936, 16880, 90200, 1838, 1621776551.0013895], [1935587, 2078308, 16883, 90214, 1838, 1621776552.0013337], [1935953, 2078678, 16886, 90230, 1838, 1621776553.00133], [1936319, 2079050, 16889, 90246, 1838, 1621776554.0014443], [1936696, 2079438, 16890, 90253, 1838, 1621776555.0013194], [1937093, 2079838, 16890, 90253, 1838, 1621776556.0012922], [1937453, 2080204, 16894, 90272, 1838, 1621776557.0014005], [1937806, 2080566, 16898, 90294, 1838, 1621776558.0014122], [1938157, 2080924, 16902, 90315, 1838, 1621776559.001343], [1938512, 2081282, 16906, 90337, 1838, 1621776560.001424], [1938868, 2081642, 16911, 90359, 1838, 1621776561.0013425], [1939257, 2082036, 16912, 90363, 1838, 1621776562.0013068], [1939649, 2082431, 16913, 90365, 1838, 1621776563.0013673], [1939996, 2082780, 16918, 90393, 1838, 1621776564.0014024], [1940337, 2083128, 16923, 90421, 1838, 1621776565.001371], [1940681, 2083481, 16928, 90449, 1838, 1621776566.0014102], [1941028, 2083831, 16933, 90477, 1838, 1621776567.0013263], [1941376, 2084182, 16938, 90504, 1838, 1621776568.0013077], [1941769, 2084581, 16938, 90505, 1838, 1621776569.001356], [1942141, 2084958, 16940, 90515, 1838, 1621776570.001386], [1942473, 2085293, 16947, 90551, 1838, 1621776571.0013947], [1942809, 2085635, 16954, 90586, 1838, 1621776572.0014584], [1943144, 2085974, 16960, 90622, 1838, 1621776573.0013063], [1943482, 2086317, 16967, 90657, 1838, 1621776574.0013855], [1943831, 2086673, 16971, 90683, 1838, 1621776575.0013273], [1944225, 2087071, 16971, 90683, 1838, 1621776576.0013618], [1944583, 2087433, 16975, 90705, 1838, 1621776577.0014536], [1944906, 2087759, 16984, 90747, 1838, 1621776578.0013864], [1945228, 2088090, 16992, 90789, 1838, 1621776579.0014374], [1945548, 2088415, 17000, 90832, 1838, 1621776580.0013924], [1945874, 2088748, 17008, 90872, 1838, 1621776581.0014763], [1946236, 2089115, 17012, 90893, 1838, 1621776582.001311], [1946632, 2089513, 17012, 90893, 1838, 1621776583.0013275], [1946964, 2089848, 17020, 90930, 1838, 1621776584.00145], [1947271, 2090163, 17029, 90979, 1838, 1621776585.0013957], [1947585, 2090484, 17038, 91028, 1838, 1621776586.001508], [1947899, 2090806, 17047, 91076, 1838, 1621776587.0015402], [1948214, 2091125, 17056, 91124, 1838, 1621776588.0014687], [1948587, 2091503, 17059, 91137, 1838, 1621776589.001303], [1948981, 2091897, 17059, 91137, 1838, 1621776590.0012743], [1949285, 2092207, 17069, 91191, 1838, 1621776591.000757], [1949590, 2092519, 17080, 91246, 1838, 1621776592.0014913], [1949895, 2092828, 17090, 91300, 1838, 1621776593.001406], [1950202, 2093139, 17100, 91355, 1838, 1621776594.0013874], [1950504, 2093451, 17110, 91410, 1838, 1621776595.001549], [1950896, 2093848, 17110, 91411, 1838, 1621776596.0013216], [1951267, 2094222, 17112, 91424, 1838, 1621776597.0014205], [1951560, 2094523, 17124, 91487, 1838, 1621776598.00144], [1951851, 2094822, 17135, 91549, 1838, 1621776599.0014362], [1952140, 2095119, 17148, 91611, 1838, 1621776600.001481], [1952434, 2095421, 17160, 91673, 1838, 1621776601.0014482], [1952747, 2095746, 17169, 91723, 1838, 1621776602.0013738], [1953144, 2096145, 17169, 91723, 1838, 1621776603.0013192], [1953486, 2096490, 17175, 91755, 1838, 1621776604.0013983], [1953762, 2096782, 17188, 91825, 1838, 1621776605.001377], [1954041, 2097078, 17201, 91893, 1838, 1621776606.0014558], [1954321, 2097370, 17214, 91963, 1838, 1621776607.0013797], [1954603, 2097662, 17226, 92034, 1838, 1621776608.0015202], [1954933, 2098003, 17234, 92072, 1838, 1621776609.001313], [1955327, 2098398, 17234, 92072, 1838, 1621776610.0012853], [1955635, 2098717, 17244, 92126, 1838, 1621776611.0013604], [1955908, 2099002, 17258, 92201, 1838, 1621776612.0015137], [1956187, 2099297, 17272, 92274, 1838, 1621776613.0015132], [1956470, 2099592, 17287, 92346, 1838, 1621776614.0014734], [1956751, 2099889, 17300, 92417, 1838, 1621776615.0014763], [1957112, 2100259, 17305, 92438, 1838, 1621776616.001319], [1957508, 2100659, 17305, 92438, 1838, 1621776617.0012937], [1957780, 2100949, 17320, 92514, 1838, 1621776618.0014215], [1958054, 2101241, 17334, 92590, 1838, 1621776619.001431], [1958334, 2101532, 17349, 92666, 1838, 1621776620.0014012], [1958615, 2101825, 17363, 92740, 1838, 1621776621.0014064], [1958896, 2102117, 17379, 92814, 1838, 1621776622.0014398], [1959283, 2102512, 17379, 92819, 1838, 1621776623.001313], [1959651, 2102885, 17383, 92837, 1838, 1621776624.0014849], [1959906, 2103170, 17400, 92923, 1838, 1621776625.001488], [1960180, 2103457, 17414, 93006, 1838, 1621776626.001367], [1960453, 2103743, 17428, 93089, 1838, 1621776627.001469], [1960723, 2104036, 17443, 93173, 1838, 1621776628.0004804], [1961016, 2104340, 17456, 93239, 1838, 1621776629.00133], [1961408, 2104735, 17456, 93239, 1838, 1621776630.0013936], [1961736, 2105079, 17464, 93278, 1838, 1621776631.0013804], [1961996, 2105357, 17480, 93367, 1838, 1621776632.0015266], [1962259, 2105638, 17495, 93456, 1838, 1621776633.0013926], [1962521, 2105918, 17513, 93543, 1838, 1621776634.0013812], [1962780, 2106199, 17530, 93629, 1838, 1621776635.0014844], [1963097, 2106530, 17539, 93680, 1838, 1621776636.0012805], [1963492, 2106928, 17539, 93680, 1838, 1621776637.001289], [1963785, 2107238, 17552, 93745, 1838, 1621776638.0013964], [1964036, 2107509, 17570, 93840, 1838, 1621776639.0013916], [1964286, 2107780, 17588, 93935, 1838, 1621776640.0015004], [1964540, 2108056, 17607, 94027, 1838, 1621776641.0008569], [1964796, 2108332, 17623, 94122, 1838, 1621776642.0014133], [1965143, 2108690, 17630, 94152, 1838, 1621776643.0013034], [1965538, 2109088, 17630, 94152, 1838, 1621776644.0012846], [1965775, 2109367, 17648, 94248, 1838, 1621776645.0013723], [1966014, 2109637, 17667, 94347, 1838, 1621776646.0015006], [1966254, 2109900, 17688, 94446, 1838, 1621776647.001376], [1966497, 2110171, 17708, 94543, 1838, 1621776648.0013483], [1966735, 2110443, 17728, 94642, 1838, 1621776649.0014856], [1967112, 2110827, 17730, 94652, 1838, 1621776650.000836], [1967481, 2111209, 17732, 94671, 1838, 1621776651.0013142], [1967719, 2111491, 17750, 94780, 1838, 1621776652.0013845], [1967959, 2111784, 17771, 94885, 1838, 1621776653.0014358], [1968198, 2112078, 17793, 94991, 1838, 1621776654.0013902], [1968434, 2112379, 17813, 95098, 1838, 1621776655.001409], [1968691, 2112698, 17830, 95189, 1838, 1621776656.0013201], [1969087, 2113096, 17830, 95189, 1838, 1621776657.001343], [1969413, 2113460, 17840, 95233, 1838, 1621776658.0014684], [1969638, 2113766, 17862, 95344, 1838, 1621776659.0014465], [1969862, 2114078, 17885, 95459, 1838, 1621776660.0014832], [1970090, 2114394, 17905, 95573, 1838, 1621776661.0014682], [1970318, 2114711, 17926, 95684, 1838, 1621776662.0013888], [1970611, 2115059, 17938, 95754, 1838, 1621776663.001341], [1971009, 2115460, 17938, 95754, 1838, 1621776664.0013378], [1971288, 2115811, 17950, 95831, 1838, 1621776665.0005484], [1971499, 2116145, 17972, 95950, 1838, 1621776666.00158], [1971709, 2116476, 17998, 96068, 1838, 1621776667.0014613], [1971923, 2116820, 18018, 96191, 1838, 1621776668.0013666], [1972130, 2117154, 18038, 96315, 1838, 1621776669.0014846], [1972456, 2117533, 18047, 96361, 1838, 1621776670.0013328], [1972853, 2117934, 18047, 96361, 1838, 1621776671.0013154], [1973087, 2118291, 18066, 96475, 1838, 1621776672.0014415], 