{"dedup": [{"cpu_affinity": [4, 5, 6, 7], "cpu_percent": 0.0, "num_threads": 1, "rss": 75665408, "timestamp": 1621324237.3175075}, {"cpu_affinity": [4, 5, 6, 7], "cpu_percent": 272.6, "num_threads": 11, "rss": 1528414208, "timestamp": 1621324242.3319402}, {"cpu_affinity": [4, 5, 6, 7], "cpu_percent": 326.3, "num_threads": 6, "rss": 1607819264, "timestamp": 1621324247.3457854}, {"cpu_affinity": [4, 5, 6, 7], "cpu_percent": 371.9, "num_threads": 6, "rss": 1576472576, "timestamp": 1621324252.3572319}]}